Temperature,D.O,pH,Conductivity,B.O.D,Nitrate,Fecalcaliform,Totalcaliform,class
9.0,9.0,8.0,0.2,0.1,0.2,0.2,397.0,1
10.0,9.0,8.0,0.4,0.3,0.4,0.4,954.0,1
11.0,9.0,8.0,0.3,0.2,0.3,0.3,653.0,1
13.0,9.0,8.0,0.4,0.2,0.4,0.4,317.0,1
14.0,10.0,8.0,0.5,0.2,0.5,0.5,1072.0,1
16.0,9.0,8.0,0.5,0.2,0.5,0.5,722.0,1
16.0,9.0,8.0,0.7,0.5,0.7,0.7,1855.0,1
19.0,8.0,8.0,0.5,0.5,0.5,0.5,72.0,1
19.0,8.0,8.0,0.4,0.6,0.4,0.4,123.0,1
19.0,8.0,8.0,1.1,0.7,1.1,1.1,157.0,1
20.0,8.0,8.0,0.4,0.5,0.4,0.4,92.0,1
15.0,8.0,8.0,0.8,0.0,0.8,0.8,50.0,1
18.0,7.0,8.0,1.6,1.0,1.6,1.6,500.0,1
15.0,7.0,7.0,2.0,1.0,2.0,2.0,600.0,1
15.0,8.0,8.0,0.6,0.5,0.6,0.6,662.0,1
14.0,7.0,7.0,1.0,1.0,1.0,1.0,738.0,1
14.0,7.0,7.0,1.8,0.8,1.8,1.8,567.0,1
16.0,7.0,7.0,2.0,1.0,2.0,2.0,650.0,1
17.0,7.0,7.0,1.8,0.65,1.8,1.8,725.0,1
16.0,7.0,8.0,1.5,1.0,1.5,1.5,550.0,1
10.0,9.0,8.0,0.4,0.2,0.4,0.4,889.0,1
10.0,9.0,8.0,0.3,0.2,0.3,0.3,990.0,1
14.0,9.0,8.0,0.5,0.2,0.5,0.5,606.0,1
6.0,8.0,8.0,0.1,0.3,0.1,0.1,493.0,1
6.0,8.0,8.0,0.1,0.4,0.1,0.1,421.0,1
6.0,9.0,8.0,0.0,0.0,0.0,0.0,1020.0,1
7.0,8.0,8.0,0.3,0.6,0.3,0.3,846.0,1
7.0,8.0,8.0,0.2,0.7,0.2,0.2,857.0,1
8.0,8.0,8.0,0.3,0.4,0.3,0.3,950.0,1
14.0,10.0,8.0,0.6,0.2,0.6,0.6,1586.0,1
14.0,10.0,8.0,0.7,0.5,0.7,0.7,1606.0,1
17.0,9.0,8.0,0.3,0.5,0.3,0.3,59.0,1
20.0,8.0,8.0,1.9,2.7,1.9,1.9,703.0,1
20.0,8.0,8.0,1.9,2.7,1.9,1.9,703.0,1
22.0,7.0,8.0,5.3,11.0,5.3,5.3,4150.0,1
21.0,7.0,7.0,2.0,2.0,2.0,2.0,503.0,1
21.0,7.0,7.0,3.3,3.3,3.3,3.3,9000.0,1
21.0,7.0,8.0,2.0,2.4,2.0,2.0,803.0,1
22.0,7.0,7.0,4.0,2.0,4.0,4.0,23625.0,1
22.0,4.0,7.0,12.0,22.0,12.0,12.0,64000.0,1
23.0,6.0,7.0,6.0,2.7,6.0,6.0,8375.0,1
15.0,4.0,7.0,5.0,5.0,5.0,5.0,40333.0,1
23.0,7.0,7.0,3.0,2.5,3.0,3.0,500.0,1
23.0,7.0,7.0,3.0,2.0,3.0,3.0,600.0,1
18.0,5.0,7.0,2.7,3.0,2.7,2.7,950.0,1
18.0,8.0,8.0,0.5,0.5,0.5,0.5,80.0,1
11.0,9.0,8.0,0.4,0.5,0.4,0.4,90.0,1
15.0,9.0,8.0,0.4,0.5,0.4,0.4,106.0,1
10.0,9.0,8.0,0.3,0.4,0.3,0.3,47.0,1
11.0,10.0,8.0,0.6,0.5,0.6,0.6,169.0,1
14.0,8.0,8.0,0.7,0.7,0.7,0.7,50.0,1
10.0,9.0,8.0,0.3,0.2,0.3,0.3,909.0,1
7.0,9.0,8.0,0.3,0.1,0.3,0.3,217.0,1
8.0,9.0,8.0,0.3,0.2,0.3,0.3,353.0,1
11.0,9.0,8.0,0.4,0.2,0.4,0.4,553.0,1
20.0,8.0,8.0,1.3,2.1,1.3,1.3,69.0,1
24.0,9.0,8.0,0.8,2.0,0.8,0.8,75.0,1
24.0,8.0,8.0,1.2,1.3,1.2,1.2,86.0,1
24.0,8.0,8.0,1.0,1.2,1.0,1.0,116.0,1
13.0,9.0,8.0,0.5,0.4,0.5,0.5,58.0,1
9.0,6.0,8.0,1.0,5.0,1.0,1.0,1830773.9839965322,1
19.0,8.0,8.0,0.9,1.1,0.9,0.9,2327.0,1
19.0,8.0,8.0,0.5,0.5,0.5,0.5,100.0,1
21.0,8.0,8.0,0.6,0.4,0.6,0.6,113.0,1
5.0,8.0,8.0,0.1,0.2,0.1,0.1,252.0,1
5.0,8.0,8.0,0.1,0.3,0.1,0.1,174.0,1
9.0,8.0,8.0,1.0,4.0,1.0,1.0,1830773.9839965322,1
13.0,8.0,8.0,1.0,2.0,1.0,1.0,1830773.9839965322,1
8.0,8.0,7.0,1.0,5.0,1.0,1.0,1830773.9839965322,1
8.0,6.0,8.0,1.0,5.0,1.0,1.0,1830773.9839965322,1
5.5,8.45,7.91,0.15,3.8529665376271187,0.15,0.15,1830773.9839965322,1
16.6333,9.63333,8.00833,0.08333,3.8529665376271187,0.08333,0.08333,9300.0,0
16.6,8.78333,8.03167,0.08333,3.8529665376271187,0.08333,0.08333,25150.0,0
17.5667,9.31667,8.14167,0.08333,0.7,0.08333,0.08333,46000.0,0
18.3714,9.08571,8.12143,0.08571,1.16667,0.08571,0.08571,9650.0,0
18.3143,8.58571,8.02143,0.05714,1.0,0.05714,0.05714,3200.0,0
18.4333,8.66667,8.05167,0.08333,0.73333,0.08333,0.08333,67000.0,0
17.1364,9.10909,7.65636,0.08333,1.72727,0.08333,0.08333,98.9,1
21.9167,7.825,7.71917,0.08333,4.46667,0.08333,0.08333,4466.67,1
19.9583,6.68333,7.62083,0.08333,5.58333,0.08333,0.08333,50916.7,1
19.3917,8.25,7.78,0.08333,2.50833,0.08333,0.08333,376.727,1
19.5909,8.21667,7.41667,0.5025,3.425,0.5025,0.5025,2496.67,1
18.3143,8.40857,7.385,0.21333,2.75833,0.21333,0.21333,1376.67,1
18.5286,8.30571,7.55833,0.23091,3.63333,0.23091,0.23091,1713.33,1
19.2286,8.73714,7.45833,0.22833,3.08333,0.22833,0.22833,850.0,1
20.2571,8.32571,7.43333,0.2825,3.69167,0.2825,0.2825,1743.33,1
25.5833,7.85833,7.96417,2.24642,4.54167,2.24642,2.24642,10075.0,1
25.5833,7.75833,8.02917,2.246,5.48333,2.246,2.246,20208.3,0
25.5833,8.66667,8.1625,1.70408,3.95,1.70408,1.70408,7750.0,0
25.8333,8.625,8.1675,2.03217,4.25,2.03217,2.03217,31991.7,0
25.8333,6.925,7.98917,2.76817,8.35,2.76817,2.76817,151333.0,1
20.6667,7.775,7.87,0.84833,3.825,0.84833,0.84833,7775.0,1
20.9,7.68889,7.82,0.844,3.75,0.844,0.844,7510.0,1
25.6167,7.23333,8.00167,1.71167,4.20833,1.71167,1.71167,7750.0,0
25.65,7.575,7.94333,1.65083,3.63333,1.65083,1.65083,4166.67,1
26.1583,7.15,7.97727,1.61167,3.95,1.61167,1.61167,8583.33,1
27.4167,8.71273,8.0225,1.95667,3.66667,1.95667,1.95667,1995.0,0
27.0833,7.66909,7.79917,2.28833,3.61818,2.28833,2.28833,5707.5,1
22.3333,7.63333,7.59,1.71167,3.9,1.71167,1.71167,13000.0,1
22.8333,7.06667,7.97667,1.71167,8.0,1.71167,1.71167,58000.0,1
23.8333,7.26667,7.98333,1.71167,4.3,1.71167,1.71167,19666.7,1
24.4444,8.41111,8.17667,1.71167,2.77778,1.71167,1.71167,6866.67,0
23.6875,8.3625,8.16625,1.71167,2.9,1.71167,1.71167,22000.0,0
25.1111,8.43333,8.23444,1.71167,2.73333,1.71167,1.71167,7044.44,0
23.2222,8.33333,7.82222,1.71167,2.66667,1.71167,1.71167,2337.5,1
22.3333,8.45556,7.69,1.71167,2.75556,1.71167,1.71167,3933.33,1
24.1111,8.38889,8.25889,1.71167,2.92222,1.71167,1.71167,23111.1,0
24.4444,8.37778,8.23444,1.71167,2.9,1.71167,1.71167,18777.8,0
24.5556,7.34444,7.79111,1.71167,2.72222,1.71167,1.71167,3666.67,1
24.625,8.375,8.275,1.71167,2.8,1.71167,1.71167,7312.5,0
24.9875,7.9875,8.025,1.71167,2.725,1.71167,1.71167,6587.5,0
24.5625,7.875,7.9625,1.71167,2.9875,1.71167,1.71167,22000.0,1
24.8333,7.82222,7.95556,1.71167,2.71111,1.71167,1.71167,4966.67,1
24.5714,7.81429,7.92857,1.71167,2.71429,1.71167,1.71167,3371.43,1
24.8571,7.71429,7.91429,1.71167,2.82857,1.71167,1.71167,22742.9,1
25.0,7.9,7.95667,1.71167,2.82222,1.71167,1.71167,11422.2,1
26.3182,8.3,7.76364,0.38727,2.15455,0.38727,0.38727,140545.0,1
25.9545,8.52727,7.75455,0.33764,2.11818,0.33764,0.33764,21972.7,1
27.7727,8.24091,7.93273,0.25547,1.66364,0.25547,0.25547,4754.55,1
27.0,7.74167,7.81667,0.43,2.1,0.43,0.43,128333.0,1
28.25,7.8125,7.92583,0.25535,1.90833,0.25535,0.25535,97916.7,1
26.875,7.775,7.77,0.295,3.97273,0.295,0.295,653083.0,1
27.0417,7.26667,7.805,0.27083,3.98333,0.27083,0.27083,223667.0,1
26.5833,6.75,7.84167,0.29417,4.05,0.29417,0.29417,247167.0,1
27.0833,5.88333,7.7925,0.38,2.78333,0.38,0.38,68833.3,1
26.8333,7.06667,7.92083,0.33667,2.27917,0.33667,0.33667,30666.7,1
5.95,8.35,7.6,0.2,3.8529665376271187,0.2,0.2,1830773.9839965322,1
10.05,9.0,7.785,0.2,4.0,0.2,0.2,1830773.9839965322,1
18.7857,8.32857,7.75286,0.05714,0.9,0.05714,0.05714,1255.0,1
19.3429,7.7,7.83714,0.07143,2.65,0.07143,0.07143,4014.5,1
20.5,8.025,7.61167,0.18683,1.10909,0.18683,0.18683,11596.1,1
21.65,8.21,7.837,0.3445,1.06667,0.3445,0.3445,16.1,1
20.6,9.06364,7.80909,1.38,1.42857,1.38,1.38,133350.0,1
24.7,7.49091,7.89091,1.38,1.1,1.38,1.38,150630.0,1
24.45,6.91,7.9,1.38,2.3,1.38,1.38,266611.0,1
23.9636,7.77273,8.01818,1.38,2.18182,1.38,1.38,45763.6,0
23.7273,0.81818,7.77273,1.38,15.4545,1.38,1.38,250000000.0,1
23.7,0.54,7.76,1.38,13.0,1.38,1.38,190000000.0,1
26.0909,1.62727,7.5,1.38,14.4545,1.38,1.38,25000000.0,1
13.0,2.1,6.85,1.38,14.4,1.38,1.38,70000.0,1
28.1364,3.78,7.72727,1.38,11.3636,1.38,1.38,5877333.0,1
13.0,0.8,6.95,1.38,15.4,1.38,1.38,70000.0,1
27.6364,4.80909,7.8,1.38,8.81818,1.38,1.38,14000000.0,1
25.9545,4.27,7.80909,1.38,7.0,1.38,1.38,694300.0,1
28.3636,3.14545,7.85455,1.38,11.0,1.38,1.38,23000000.0,1
15.0,3.8,7.32,1.38,11.8,1.38,1.38,38000.0,1
28.0909,6.87273,8.03636,1.38,8.54545,1.38,1.38,753800.0,0
27.6818,8.79091,8.2,1.38,8.09091,1.38,1.38,298200.0,0
27.2273,9.69091,8.20909,1.38,4.18182,1.38,1.38,417900.0,0
21.8714,7.4,7.47714,1.389,2.6,1.389,1.389,13415.7,1
26.65,6.53333,7.87167,1.3275,2.45833,1.3275,1.3275,2833.33,1
24.55,3.9,7.5075,0.7,23.0333,0.7,0.7,112033.0,1
13.5,9.1,7.48,9.753703561146343,2.1,9.753703561146343,9.753703561146343,1830773.9839965322,1
25.6667,7.06667,7.81,3.78725,5.85,3.78725,3.78725,11775.0,1
21.8,7.173719770731244,7.55,5.51667,86.0,5.51667,5.51667,329167.0,1
25.057551299902723,7.173719770731244,7.63333,0.7,100.0,0.7,0.7,550000000.0,1
25.5833,6.63333,7.8975,3.72183,6.99167,3.72183,3.72183,20841.7,1
22.75,7.5,7.76,9.753703561146343,4.05,9.753703561146343,9.753703561146343,15500.0,1
22.75,5.5,8.42,9.753703561146343,23.0,9.753703561146343,9.753703561146343,102000.0,0
23.75,8.82727,7.94667,1.7,2.70833,1.7,1.7,2708.33,1
23.0,7.4,7.725,9.753703561146343,4.1,9.753703561146343,9.753703561146343,14000.0,1
25.0,8.5,7.942,1.47,3.08,1.47,1.47,1560.0,1
27.8333,7.92,7.851,1.71,3.59,1.71,1.71,2950.0,1
27.8333,3.6,7.434,3.742,7.45,3.742,3.742,103367.0,1
23.1,7.3,7.93,9.753703561146343,4.3,9.753703561146343,9.753703561146343,21000.0,1
22.8333,7.5,7.70667,9.753703561146343,4.0,9.753703561146343,9.753703561146343,17000.0,1
24.0,7.50909,8.13917,0.545,3.63333,0.545,0.545,362.5,0
23.5,7.69167,8.16417,0.39167,2.76667,0.39167,0.39167,198.333,0
18.4545,9.1,7.74182,0.61818,2.6,0.61818,0.61818,6509.09,1
23.8333,7.66667,8.16417,0.43833,2.75833,0.43833,0.43833,295.0,0
23.5,7.64167,8.13167,0.4975,2.95833,0.4975,0.4975,328.333,0
21.1429,8.77143,7.77143,9.753703561146343,2.62857,9.753703561146343,9.753703561146343,2542.86,1
26.175,7.575,7.74333,0.82417,1.39167,0.82417,0.82417,1800.0,1
26.2667,7.24167,7.70667,0.885,2.125,0.885,0.885,2141.67,1
23.2222,8.12222,7.86556,1.38,2.61111,1.38,1.38,2300.0,1
21.6667,8.45556,7.82556,1.38,2.58889,1.38,1.38,1844.44,1
24.0,7.0,8.71,1.38,2.5,1.38,1.38,1100.0,0
23.5,6.9,7.745,1.38,2.6,1.38,1.38,2300.0,1
24.3333,7.76667,8.11,1.38,2.73333,1.38,1.38,2733.33,0
22.6667,7.93333,8.21667,1.38,2.73333,1.38,1.38,2600.0,0
24.6667,7.6,8.04667,1.38,2.7,1.38,1.38,2500.0,0
24.0,6.46667,7.96,1.38,5.8,1.38,1.38,5066.67,1
24.0,7.6,7.64,1.38,2.7,1.38,1.38,1750.0,1
24.0,7.5,7.47,1.38,2.65,1.38,1.38,1950.0,1
24.3333,5.8,7.96,1.38,5.26667,1.38,1.38,3166.67,1
28.0,6.5,7.75,1.38,2.65,1.38,1.38,2400.0,1
26.6667,6.83333,7.6,1.38,2.66667,1.38,1.38,2966.67,1
24.6667,7.6,7.84,1.38,2.73333,1.38,1.38,2100.0,1
22.0,7.6,7.44,1.38,2.73333,1.38,1.38,10666.7,1
24.0,7.96667,7.98333,1.38,2.7,1.38,1.38,2733.33,1
25.0,6.8,7.8,1.38,2.9,1.38,1.38,5000.0,1
26.5,7.0,7.6,1.38,2.95,1.38,1.38,1950.0,1
24.0,5.76667,7.90667,1.38,6.93333,1.38,1.38,11333.3,1
25.0,2.5,7.56,1.38,9.5,1.38,1.38,21333.3,1
11.7273,9.34545,7.44818,0.13018,0.55455,0.13018,0.13018,22.0,1
22.7273,7.96364,8.19,0.79473,0.74545,0.79473,0.79473,51.0,0
21.4,8.34,7.728,0.3065,1.22,0.3065,0.3065,16.5,1
22.0,8.37,7.903,0.3593,1.2,0.3593,0.3593,16.6,1
21.4818,8.14545,8.14182,0.49082,0.76364,0.49082,0.49082,62.6,0
20.8636,8.51818,7.71455,0.30573,1.02,0.30573,0.30573,11.9091,1
20.7273,8.6,7.87636,0.37673,1.18182,0.37673,0.37673,12.9091,1
12.4091,9.46364,7.41818,0.11964,0.33636,0.11964,0.11964,14.6667,1
11.8636,8.76364,7.52182,0.18727,0.40909,0.18727,0.18727,19.2,1
11.33,9.39091,7.45,0.12327,0.49091,0.12327,0.12327,10.0,1
25.057551299902723,7.173719770731244,7.86667,2.44,2.66667,2.44,2.44,141500.0,1
25.057551299902723,7.173719770731244,7.7,2.24333,222.0,2.24333,2.24333,670000000.0,1
25.057551299902723,7.173719770731244,7.76667,1.74333,24.3333,1.74333,1.74333,9150000.0,1
20.4,7.173719770731244,7.25,4.53333,43.5,4.53333,4.53333,227500.0,1
19.8182,1.54,7.24545,0.65091,16.4,0.65091,0.65091,174545.0,1
25.8,7.8,7.9,9.753703561146343,1.4,9.753703561146343,9.753703561146343,7.7,1
26.0,7.8,8.0,9.753703561146343,1.6,9.753703561146343,9.753703561146343,8.3,1
25.057551299902723,7.173719770731244,7.6,4.26467,37.7333,4.26467,4.26467,1183.33,1
25.057551299902723,10.55,7.58333,1.28167,4.1,1.28167,1.28167,145.5,1
25.057551299902723,7.45,7.87,0.925,2.0,0.925,0.925,49.5,1
36.0,7.75,7.935,1.34833,3.38333,1.34833,1.34833,57.5,1
35.5,7.22,7.928,4.366,3.34,4.366,4.366,934.0,1
35.0,7.06,8.144,1.89,3.94,1.89,1.89,512.0,0
25.5,7.2,8.3,0.0,1.7,0.0,0.0,12250.0,0
24.2167,7.06455,8.10333,0.06333,3.74,0.06333,0.06333,30833.3,0
25.057551299902723,8.8,7.47,9.753703561146343,5.4,9.753703561146343,9.753703561146343,70.0,1
37.0,8.12,7.716,0.464,1.92,0.464,0.464,64.8,1
28.4444,6.62,7.679,1.2289,2.525,1.2289,1.2289,1830773.9839965322,1
28.85,5.625,7.37818,2.89036,18.43,2.89036,2.89036,1830773.9839965322,1
27.5455,5.52909,8.16727,0.23455,1.25636,0.23455,0.23455,10.1818,0
25.8,7.4,7.4,0.6,2.0,0.6,0.6,1830773.9839965322,1
28.5,5.855,7.8,0.375,1.4725,0.375,0.375,7.0,1
26.7583,5.45,8.105,0.42583,2.12083,0.42583,0.42583,107.25,0
26.0,5.64267,7.95583,0.61667,1.0225,0.61667,0.61667,6.16667,1
25.1429,8.01111,7.60889,0.48222,2.08889,0.48222,0.48222,1830773.9839965322,1
27.6364,9.24545,8.31818,9.753703561146343,1.8,9.753703561146343,9.753703561146343,15460.0,0
27.5,8.38333,7.61667,9.753703561146343,2.13333,9.753703561146343,9.753703561146343,1830773.9839965322,1
27.8,7.7,7.6,9.753703561146343,2.6,9.753703561146343,9.753703561146343,1830773.9839965322,1
22.6333,7.16667,7.63833,1.92183,3.4,1.92183,1.92183,421.667,1
26.4727,5.76436,8.37727,0.52,1.50364,0.52,0.52,49.2727,0
23.25,7.8,7.482,0.404,2.38,0.404,0.404,1830773.9839965322,1
25.057551299902723,8.6,7.61,0.034,1.3,0.034,0.034,34.0,1
27.3333,6.125,8.21417,1.6045,13.65,1.6045,1.6045,1830773.9839965322,0
27.7273,6.90909,7.60545,3.00982,8.99,3.00982,3.00982,1830773.9839965322,1
27.5833,5.85833,7.885,1.9505,12.33,1.9505,1.9505,1830773.9839965322,1
25.4727,5.38182,7.90273,0.66545,1.292,0.66545,0.66545,14.3636,1
26.1545,5.47955,8.21818,0.57273,1.69191,0.57273,0.57273,13.2727,0
22.3,8.0,8.0,0.4,1.9,0.4,0.4,1830773.9839965322,1
23.1,5.65,7.665,2.80133,6.5,2.80133,2.80133,683.333,1
22.6,7.7,7.6,0.3,2.0,0.3,0.3,1830773.9839965322,1
23.8636,5.33636,7.75727,0.32982,2.47709,0.32982,0.32982,12.2727,1
28.35,3.03056,7.981,0.516,12.4978,0.516,0.516,278.4,1
22.1,5.85,8.257,0.186,1.87,0.186,0.186,18.6,0
26.9545,5.47182,8.15,0.50727,1.36727,0.50727,0.50727,26.0909,0
26.5455,5.37182,7.99,0.36545,2.01364,0.36545,0.36545,27.8182,1
25.0,7.27143,7.5,9.753703561146343,3.42857,9.753703561146343,9.753703561146343,1830773.9839965322,1
30.1667,7.1,7.5375,9.753703561146343,2.575,9.753703561146343,9.753703561146343,1830773.9839965322,1
32.875,7.1,7.5625,9.753703561146343,2.575,9.753703561146343,9.753703561146343,1830773.9839965322,1
34.0,7.5125,7.3,9.753703561146343,0.8125,9.753703561146343,9.753703561146343,1830773.9839965322,1
26.2083,7.825,7.5775,0.28625,1.85833,0.28625,0.28625,9118.18,1
28.5417,8.425,7.83833,0.24983,1.84583,0.24983,0.24983,5445.45,1
27.875,8.325,7.90333,0.29092,2.11667,0.29092,0.29092,13145.5,1
29.5417,6.275,7.95917,1.96733,3.85,1.96733,1.96733,53000.0,1
27.75,6.15833,7.56917,0.31583,2.4375,0.31583,0.31583,1578750.0,1
26.7727,7.62727,7.65727,0.62682,3.0,0.62682,0.62682,7070.0,1
34.25,7.45,7.4875,9.753703561146343,1.2875,9.753703561146343,9.753703561146343,1830773.9839965322,1
27.9167,8.05833,7.82417,0.49775,2.19583,0.49775,0.49775,62972.7,1
34.3333,7.81429,7.42857,9.753703561146343,0.8,9.753703561146343,9.753703561146343,1830773.9839965322,1
27.6364,6.53636,7.71818,0.31091,2.01818,0.31091,0.31091,218455.0,1
28.0417,6.39167,7.81417,0.37833,1.21667,0.37833,0.37833,200917.0,1
27.4545,7.96364,7.64455,0.29073,2.59091,0.29073,0.29073,6840.0,1
27.7273,5.66364,7.46909,1.35218,5.26273,1.35218,1.35218,241400.0,1
28.0455,5.6,7.52455,0.96755,4.20182,0.96755,0.96755,44700.0,1
27.8636,7.12727,7.72455,0.29636,2.32727,0.29636,0.29636,332818.0,1
28.1818,7.92727,7.74545,0.44818,4.38182,0.44818,0.44818,32727.3,1
28.75,4.8,7.58333,0.41333,2.43333,0.41333,0.41333,49000.0,1
28.4545,2.32727,7.26364,0.40727,14.5273,0.40727,0.40727,986364.0,1
28.3636,1.85455,7.24545,0.48,16.0909,0.48,0.48,2584545.0,1
26.7273,7.625,7.81909,0.17827,2.19091,0.17827,0.17827,4328.7,1
27.5909,8.25455,7.63455,0.16727,2.65,0.16727,0.16727,311455.0,1
25.7273,7.16364,6.96182,0.32545,3.34545,0.32545,0.32545,179273.0,1
22.2727,8.06364,7.33636,0.26636,1.97273,0.26636,0.26636,585000.0,1
25.6667,7.26667,7.73333,9.753703561146343,2.66667,9.753703561146343,9.753703561146343,3133.33,1
25.7273,1.6125,7.65182,0.16636,10.1511,0.16636,0.16636,167545.0,1
24.9545,2.71818,7.65364,0.63818,4.17889,0.63818,0.63818,73181.8,1
25.057551299902723,6.72,6.5,9.753703561146343,2.58,9.753703561146343,9.753703561146343,1830773.9839965322,1
22.675,6.38333,7.025,9.753703561146343,3.81818,9.753703561146343,9.753703561146343,750.0,1
23.25,7.9,7.291667,0.126667,2.591667,0.126667,0.126667,1149.091,1
23.16667,8.416026,7.308333,0.144167,2.091667,0.144167,0.144167,1560.909,1
23.75,6.35,7.058333,0.1225,1.516667,0.1225,0.1225,780.0909,1
24.25,7.65,7.466667,0.156667,2.141667,0.156667,0.156667,981.9091,1
25.375,7.308333,7.283333,0.15,1.508333,0.15,0.15,1544.545,1
26.75,6.975,7.191667,0.1275,2.333333,0.1275,0.1275,2224.545,1
25.275,6.975,7.5,0.1225,1.725,0.1225,0.1225,740.0,1
26.375,7.35,7.425,0.1175,1.85,0.1175,0.1175,363.3333,1
26.0,7.75,7.25,0.1575,1.125,0.1575,0.1575,1836.667,1
27.375,6.925,7.15,0.1,1.55,0.1,0.1,720.0,1
23.0,4.0,7.76,9.753703561146343,1.8,9.753703561146343,9.753703561146343,1830773.9839965322,1
25.25,5.1,7.725,9.753703561146343,0.8,9.753703561146343,9.753703561146343,1830773.9839965322,1
25.25,1.05,7.3725,9.753703561146343,3.4,9.753703561146343,9.753703561146343,1830773.9839965322,1
25.0,4.7,7.775,9.753703561146343,1.3,9.753703561146343,9.753703561146343,1830773.9839965322,1
28.5,6.575,7.125,9.753703561146343,1.6,9.753703561146343,9.753703561146343,1830773.9839965322,1
24.0,2.95,7.4875,9.753703561146343,1.6,9.753703561146343,9.753703561146343,1830773.9839965322,1
20.5,4.5,8.0275,9.753703561146343,0.9,9.753703561146343,9.753703561146343,1830773.9839965322,0
26.25,4.15,7.7875,9.753703561146343,0.8,9.753703561146343,9.753703561146343,1830773.9839965322,1
20.75,8.925,7.025,0.11,1.675,0.11,0.11,90.5,1
22.0,7.1,7.025,0.13,1.775,0.13,0.13,500.5,1
22.25,5.825,6.975,0.1225,2.725,0.1225,0.1225,607.0,1
24.0,5.675,6.625,0.1325,2.075,0.1325,0.1325,767.0,1
24.0,6.1,6.55,0.1575,4.625,0.1575,0.1575,1070.0,1
26.25,6.875,7.925,0.12,1.175,0.12,0.12,243.6667,1
23.5,5.95,6.7,0.11,3.625,0.11,0.11,120.3333,1
24.0,8.85,7.25,0.1,1.325,0.1,0.1,767.0,1
29.33333,7.566667,6.666667,0.113333,2.966667,0.113333,0.113333,1515.0,1
27.7,7.05,7.55,0.1125,1.625,0.1125,0.1125,486.6667,1
25.25,6.875,7.175,0.13,2.2,0.13,0.13,530.25,1
22.0,5.775,7.3,0.16,2.925,0.16,0.16,1066.667,1
22.5,4.675,6.8,0.1275,1.725,0.1275,0.1275,560.0,1
23.5,6.35,7.05,0.145,2.275,0.145,0.145,400.0,1
24.5,6.125,7.05,0.1225,2.3,0.1225,0.1225,6033.333,1
24.75,6.85,7.85,0.1225,2.35,0.1225,0.1225,966.6667,1
15.66667,7.15,7.2,0.11,2.0,0.11,0.11,636.6667,1
27.25,0.0,7.05,0.2725,41.5,0.2725,0.2725,8466.667,1
28.125,5.525,7.325,0.1975,4.6,0.1975,0.1975,5243.333,1
12.75,7.2,7.225,0.1125,2.6,0.1125,0.1125,1100.0,1
25.057551299902723,23.08333,6.466667,2.308333,2.575,2.308333,2.308333,78.58333,0
25.057551299902723,20.16667,6.333333,2.7,3.908333,2.7,2.7,250.8333,0
25.057551299902723,19.33333,6.125,2.7,4.266667,2.7,2.7,257.5,0
25.057551299902723,18.58333,6.241667,2.8,4.333333,2.8,2.8,404.1667,0
19.08333,8.583333,7.320833,0.246667,2.858333,0.246667,0.246667,116166.7,1
25.057551299902723,22.91667,6.375,2.3,2.433333,2.3,2.3,90.83333,0
25.057551299902723,22.41667,6.5,2.316667,3.166667,2.316667,2.316667,114.1667,1
25.057551299902723,23.08333,6.233333,2.366667,3.308333,2.366667,2.366667,131.6667,0
25.057551299902723,22.41667,6.35,2.541667,3.616667,2.541667,2.541667,171.6667,0
25.057551299902723,20.91667,6.22,2.533333,3.833333,2.533333,2.533333,190.0,0
22.0,7.375,7.45,0.1425,1.25,0.1425,0.1425,452.5,1
23.5,7.2,7.175,0.1525,1.6,0.1525,0.1525,1002.75,1
29.0,6.675,7.05,0.12,1.75,0.12,0.12,1492.5,1
22.25,8.5,7.1,0.1,2.825,0.1,0.1,272.75,1
23.5,8.25,7.125,0.1125,3.025,0.1125,0.1125,272.75,1
27.0,7.266667,6.466667,0.103333,1.5,0.103333,0.103333,1000.5,0
24.5,7.05,6.775,0.1075,3.175,0.1075,0.1075,485.0,1
27.5,6.875,7.375,0.135,0.675,0.135,0.135,229.5,1
12.575,7.1,7.175,0.1425,2.775,0.1425,0.1425,1373.333,1
15.8,7.3,7.225,0.1075,3.75,0.1075,0.1075,886.6667,1
12.5,7.125,7.225,0.1275,1.6,0.1275,0.1275,503.3333,1
26.36364,7.7,7.029,0.194545,2.945455,0.194545,0.194545,11000.0,1
26.1,7.4,7.167,0.193,2.678,0.193,0.193,102100.0,1
21.5,8.35,7.45,0.11,2.0,0.11,0.11,1525.0,1
28.4166667,5.42916667,8.455,0.85,1.03666667,0.85,0.85,16.0,0
25.0,7.8,8.3,0.36,1.0,0.36,0.36,21.0,0
23.2,7.76,7.786,0.3432,2.54,0.3432,0.3432,12.8,1
26.625,7.6125,8.125,0.2205,3.275,0.2205,0.2205,8.5,0
25.0,8.8,8.3,0.38,2.0,0.38,0.38,9.0,0
27.1,7.69,8.25,0.1429,3.42,0.1429,0.1429,13.9,0
27.5454545,7.73636364,8.26818182,0.05090909,3.23636364,0.05090909,0.05090909,14.1818182,0
26.0,7.70909091,8.09090909,0.05381818,3.1,0.05381818,0.05381818,16.1818182,0
26.5833333,7.325,7.55833333,0.9295,2.5,0.9295,0.9295,1830773.9839965322,1
28.6666667,7.05,7.55083333,0.72033333,1.98888889,0.72033333,0.72033333,1830773.9839965322,1
26.8333333,7.15,7.58333333,1.47633333,0.86666667,1.47633333,1.47633333,1830773.9839965322,1
27.4,7.09090909,7.49454545,0.99472727,2.14444444,0.99472727,0.99472727,1830773.9839965322,1
27.0,6.95,8.5,0.174,5.0,0.174,0.174,17.0,0
27.0,5.5,8.55,0.032,4.0,0.032,0.032,14.5,0
22.0,7.1,8.1,0.47,4.0,0.47,0.47,430.0,0
28.0,7.65,8.4,0.27,17.45,0.27,0.27,30.0,0
25.5,7.82,7.396,0.85,1.94,0.85,0.85,87.0,1
37.5,8.275,8.068,1.0646,2.04,1.0646,1.0646,732.0,0
24.0,8.0,7.6,1.3,1.4,1.3,1.3,38.3,1
37.0,8.6,8.01666667,0.98,1.26666667,0.98,0.98,576.0,0
37.0,7.9,8.0,0.9,1.8,0.9,0.9,612.5,1
37.0,8.025,8.172,1.0266,2.06,1.0266,1.0266,631.4,0
25.2,6.98333333,7.48583333,0.47533333,1.8375,0.47533333,0.47533333,1830773.9839965322,1
23.37,7.58,7.478,0.752,1.6,0.752,0.752,99.6,1
26.4166667,7.63333333,7.8725,0.17933333,2.275,0.17933333,0.17933333,15.5833333,1
22.3833333,7.16666667,7.6,0.7335,2.39166667,0.7335,0.7335,111.0,1
21.4083333,7.83333333,7.5,0.97083333,1.70833333,0.97083333,0.97083333,82.0,1
34.4166667,6.08333333,7.74166667,2.4154,5.25833333,2.4154,2.4154,40.75,1
32.0,5.71,7.534,2.50456,5.68,2.50456,2.50456,54.0,1
31.4333333,6.23636364,7.585,3.14145,4.73333333,3.14145,3.14145,49.5714286,1
27.5,7.0,7.7,0.1,1.5,0.1,0.1,3170.0,1
27.6666667,7.38,7.97666667,0.21666667,1.89333333,0.21666667,0.21666667,1510.0,1
27.5,7.2,7.7,0.3,2.0,0.3,0.3,1907.5,1
27.5,7.1,8.0,0.3,1.9,0.3,0.3,2775.0,1
27.0,6.97,7.87,0.268,1.9,0.268,0.268,2150.0,1
29.0,6.085,7.85,0.225,2.39,0.225,0.225,13150.0,1
27.5,4.4,7.5,0.2,4.9,0.2,0.2,5850.0,1
25.8,5.74,7.67,1.7418,4.32,1.7418,1.7418,50.0,1
31.9583333,5.99166667,7.72083333,2.510575,5.43333333,2.510575,2.510575,43.4285714,1
27.8,5.7,7.9,0.3,2.6,0.3,0.3,5175.0,1
30.6666667,5.84444444,7.66444444,2.75388889,5.18888889,2.75388889,2.75388889,39.2,1
37.3,7.5,7.8,3.4,2.2,3.4,3.4,646.7,1
21.9,5.224,7.751,3.2473,6.55,3.2473,3.2473,346.0,1
29.3,6.18888889,7.53222222,3.02506667,5.02222222,3.02506667,3.02506667,50.6,1
31.375,6.4,7.62,2.4725,3.975,2.4725,2.4725,68.0,1
28.3777778,6.16666667,7.60666667,3.51411111,4.8,3.51411111,3.51411111,52.6,1
29.37,6.09,7.545,2.84084,5.11,2.84084,2.84084,69.0,1
31.125,6.4625,7.6375,2.279375,3.675,2.279375,2.279375,95.8333333,1
31.275,6.5,7.68,2.5387125,3.8375,2.5387125,2.5387125,68.6,1
22.0,5.194,7.872,2.03616667,5.7,2.03616667,2.03616667,348.0,1
31.6083333,6.25,7.65083333,2.15059167,4.88333333,2.15059167,2.15059167,88.5714286,1
20.5833333,4.755,8.08833333,2.41358333,11.0,2.41358333,2.41358333,528.333333,0
31.4285714,6.48571429,7.79,1.96288571,4.28571429,1.96288571,1.96288571,45.8,1
31.9777778,5.83333333,7.79888889,2.11987778,4.82222222,2.11987778,2.11987778,51.6666667,1
28.5,8.2,7.7,0.8,3.8529665376271187,0.8,0.8,11.0,1
28.8,7.8,7.6,1.4,3.8529665376271187,1.4,1.4,100.8,1
28.7083333,7.73333333,7.72,1.4,3.8529665376271187,1.4,1.4,157.583333,1
30.3,7.6,7.7,1.6,3.8529665376271187,1.6,1.6,37.3,1
29.0,6.9375,7.69125,2.0715,1.36666667,2.0715,2.0715,15.4285714,1
29.0,7.2,7.5,2.5065,1.4,2.5065,2.5065,17.5,1
28.4285714,7.05714286,7.95714286,1.476,1.2,1.476,1.476,17.8571429,1
27.1666667,7.275,7.53333333,1.26483333,1.15,1.26483333,1.26483333,127.333333,1
27.1666667,7.60833333,7.925,0.91862667,1.36666667,0.91862667,0.91862667,1936.66667,1
27.0,7.475,7.80666667,0.17901871,1.5,0.17901871,0.17901871,2415.0,1
26.5833333,6.825,7.765,0.50533933,2.47675,0.50533933,0.50533933,45191.6667,1
25.9166667,7.50833333,7.97583333,0.21942717,1.85833333,0.21942717,0.21942717,5180.83333,1
26.4166667,7.32727273,7.94166667,0.39317113,1.29166667,0.39317113,0.39317113,1615.83333,1
27.0,7.24166667,8.0325,0.33766971,1.825,0.33766971,0.33766971,2625.0,0
27.0,7.33333333,7.96583333,0.18999392,1.475,0.18999392,0.18999392,3293.33333,1
25.9090909,7.80833333,8.02333333,0.65548271,1.28333333,0.65548271,0.65548271,1508.33333,0
28.5,8.05,8.04666667,0.49037929,1.36666667,0.49037929,0.49037929,1022.5,0
29.75,7.35,8.04833333,0.588942,2.43333333,0.588942,0.588942,35583.3333,0
27.25,7.45833333,7.99833333,0.47590379,2.175,0.47590379,0.47590379,5017.5,1
27.6666667,7.63333333,7.99666667,0.34684438,1.40833333,0.34684438,0.34684438,1718.33333,1
27.25,6.65,7.92833333,0.68916454,1.65833333,0.68916454,0.68916454,829.166667,1
28.0909091,7.45,8.03333333,0.77932675,1.30833333,0.77932675,0.77932675,3016.66667,0
28.0909091,6.8,7.9925,1.40426871,2.06666667,1.40426871,1.40426871,6147.5,1
22.8333333,7.54166667,7.53333333,0.48866667,1.52222222,0.48866667,0.48866667,657.5,1
24.3,7.5,7.4,0.4,1.6,0.4,0.4,827.5,1
28.8,7.6,7.6,1.2,3.8529665376271187,1.2,1.2,106.3,1
29.5,8.1,7.7,1.4,3.8529665376271187,1.4,1.4,84.5,1
24.0,7.6,7.5,0.5,1.6,0.5,0.5,820.0,1
23.8,7.5,7.5,0.6,1.9,0.6,0.6,995.0,1
29.5,7.7,7.8,1.5,3.8529665376271187,1.5,1.5,41.0,1
26.2818182,6.42727273,7.14545455,1.30818182,1.36363636,1.30818182,1.30818182,121.818182,1
28.8571429,6.9375,7.875,1.7295,1.6,1.7295,1.7295,15.75,1
27.25,7.275,7.51666667,1.22216667,1.44,1.22216667,1.22216667,153.333333,1
27.25,7.175,7.60833333,1.26033333,2.1,1.26033333,1.26033333,275.833333,1
28.9166667,7.39166667,7.90416667,0.39437738,1.53333333,0.39437738,0.39437738,2352.5,1
27.3333333,7.325,7.78916667,0.34309154,1.53333333,0.34309154,0.34309154,4088.33333,1
27.5,7.49166667,7.85,0.24835392,1.41666667,0.24835392,0.24835392,1439.16667,1
27.5,7.54166667,7.95583333,0.42443346,1.825,0.42443346,0.42443346,2727.5,1
25.9166667,7.35833333,7.82583333,0.43058713,1.575,0.43058713,0.43058713,683.333333,1
29.0833333,7.025,7.70666667,1.29443238,2.11666667,1.29443238,1.29443238,6315.83333,1
29.75,6.675,7.5225,3.19497517,3.975,3.19497517,3.19497517,25058.3333,1
29.0833333,8.84166667,7.895,0.28752575,1.81666667,0.28752575,0.28752575,931.666667,1
29.8181818,6.43636364,7.59363636,2.392608,3.4,2.392608,2.392608,13327.2727,1
27.5,7.39166667,8.05166667,0.54188413,3.13333333,0.54188413,0.54188413,61333.3333,0
25.6666667,7.34166667,7.73333333,1.51167096,1.625,1.51167096,1.51167096,5515.0,1
27.0833333,7.66666667,7.9525,0.51356817,1.7,0.51356817,0.51356817,1453.33333,1
27.8333333,7.30833333,7.96583333,0.63279558,1.675,0.63279558,0.63279558,5163.16667,1
26.3333333,7.05833333,7.725,1.19338058,1.24166667,1.19338058,1.19338058,3491.66667,1
26.3333333,6.35,7.40583333,4.1453725,4.70833333,4.1453725,4.1453725,18450.0,1
26.0833333,6.54166667,7.47666667,2.34878063,3.9,2.34878063,2.34878063,12583.3333,1
27.5833333,6.78333333,7.70083333,1.52902383,2.53333333,1.52902383,1.52902383,5591.66667,1
28.25,7.78333333,7.86454545,1.54070204,1.625,1.54070204,1.54070204,2825.0,1
28.75,7.85,7.7425,0.85767458,1.53333333,0.85767458,0.85767458,1567.5,1
28.1666667,7.43333333,7.78,0.59043725,1.75,0.59043725,0.59043725,1069.16667,1
25.8333333,7.63333333,7.8975,0.53794825,1.74166667,0.53794825,0.53794825,2266.66667,1
25.6666667,7.53333333,7.875,0.63328583,1.525,0.63328583,0.63328583,1256.66667,1
27.4166667,7.3,7.79166667,0.56518308,1.75,0.56518308,0.56518308,5378.33333,1
27.4166667,7.70833333,7.91916667,0.60085304,1.98333333,0.60085304,0.60085304,11075.0,1
25.4166667,7.55833333,7.925,0.68155842,1.66666667,0.68155842,0.68155842,10816.6667,1
28.6666667,7.59166667,7.85,0.65538571,1.71666667,0.65538571,0.65538571,5433.33333,1
28.0833333,7.6,7.7625,0.91555571,1.75,0.91555571,0.91555571,5191.66667,1
26.0,7.75,7.93,0.972382,2.01666667,0.972382,0.972382,6791.66667,1
27.0833333,7.36666667,7.985,0.31335171,1.65833333,0.31335171,0.31335171,14716.6667,1
26.08,7.83,7.55,4.667,0.64,4.667,4.667,1830773.9839965322,1
26.1666667,7.05833333,7.80666667,0.63323625,1.53333333,0.63323625,0.63323625,4178.33333,1
22.6333333,7.30833333,6.925,9.753703561146343,1.9,9.753703561146343,9.753703561146343,1830773.9839965322,1
24.3083333,7.825,7.13333333,9.753703561146343,1.63636364,9.753703561146343,9.753703561146343,750.0,1
24.0333333,7.68333333,6.86666667,9.753703561146343,1.75,9.753703561146343,9.753703561146343,1500.0,1
26.0,7.95833333,7.85666667,0.49767179,1.925,0.49767179,0.49767179,3470.0,1
27.8333333,6.94166667,7.72,0.539286,1.50833333,0.539286,0.539286,5491.66667,1
23.3666667,7.5,7.30833333,9.753703561146343,2.0,9.753703561146343,9.753703561146343,1830773.9839965322,1
23.5833333,7.38333333,6.94166667,9.753703561146343,2.55,9.753703561146343,9.753703561146343,1830773.9839965322,1
24.7272727,7.72727273,7.63454545,0.93891182,1.56363636,0.93891182,0.93891182,1471.81818,1
27.8181818,7.32727273,7.81,0.39729982,1.57272727,0.39729982,0.39729982,7209.09091,1
26.75,7.98333333,8.005,0.85472796,2.03333333,0.85472796,0.85472796,11870.8333,0
27.1666667,6.85833333,7.70833333,0.75033633,1.63333333,0.75033633,0.75033633,8858.33333,1
27.1666667,6.4,7.625,1.36916583,1.73333333,1.36916583,1.36916583,5174.16667,1
28.1818182,7.57272727,8.10727273,0.27840282,1.20909091,0.27840282,0.27840282,2798.18182,0
22.4166667,7.7,7.98333333,0.25312738,1.49166667,0.25312738,0.25312738,7300.0,1
27.0454545,7.46363636,7.53636364,5.67454545,0.45454545,5.67454545,5.67454545,1830773.9839965322,1
26.6818182,7.85454545,7.57272727,4.79818182,0.6,4.79818182,4.79818182,1830773.9839965322,1
27.7727273,7.07272727,7.50909091,6.55181818,2.03636364,6.55181818,6.55181818,1830773.9839965322,1
26.2727273,6.22727273,7.65454545,6.63363636,2.62727273,6.63363636,6.63363636,1830773.9839965322,1
26.5,7.83636364,7.49090909,5.17727273,0.39090909,5.17727273,5.17727273,1830773.9839965322,1
24.25,6.3,6.99166667,9.753703561146343,4.41666667,9.753703561146343,9.753703561146343,1650.0,1
23.7166667,5.90833333,7.03333333,9.753703561146343,5.16666667,9.753703561146343,9.753703561146343,1500.0,1
23.075,7.49166667,7.025,9.753703561146343,2.54166667,9.753703561146343,9.753703561146343,1500.0,1
22.575,7.60833333,7.18333333,9.753703561146343,2.33333333,9.753703561146343,9.753703561146343,1350.0,1
23.4833333,7.78333333,7.31666667,9.753703561146343,3.3,9.753703561146343,9.753703561146343,750.0,1
27.3333333,6.81666667,7.95833333,1.10099167,4.66666667,1.10099167,1.10099167,86.1666667,1
25.5,5.9,7.67333333,1.508827273,6.52916667,1.508827273,1.508827273,76.5833333,1
25.6666667,5.46666667,7.6225,1.70746667,6.63333333,1.70746667,1.70746667,47.0,1
26.0833333,5.20909091,7.33083333,2.62591667,8.78333333,2.62591667,2.62591667,151.666667,1
25.3333333,6.40833333,7.5775,1.907225,4.125,1.907225,1.907225,55.1666667,1
25.5833333,3.91666667,7.3625,2.842445455,13.875,2.842445455,2.842445455,165.0,1
25.5833333,4.24166667,7.48416667,2.8069,12.875,2.8069,2.8069,194.166667,1
26.0,5.23333333,7.49,1.87548333,9.51666667,1.87548333,1.87548333,160.416667,1
25.75,4.75,7.32083333,1.888775,11.2166667,1.888775,1.888775,102.5,1
25.0,6.5,7.515,1.273703,4.18,1.273703,1.273703,33.6,1
28.3636364,6.30909091,8.1,1.35024545,4.76363636,1.35024545,1.35024545,85.4545455,0
27.2727273,6.78181818,8.08166667,1.23381667,4.38666667,1.23381667,1.23381667,84.0,0
27.3636364,6.41818182,8.06666667,1.87498333,5.13333333,1.87498333,1.87498333,98.1818182,0
27.5833333,6.1,7.95833333,2.103375,6.15,2.103375,2.103375,82.5,1
25.5555556,6.61111111,7.9125,1.3999,4.88888889,1.3999,1.3999,75.5555556,1
29.6666667,6.56666667,8.06666667,1.52126667,4.4,1.52126667,1.52126667,103.333333,0
30.1818182,6.23090909,8.1,1.80817273,4.546,1.80817273,1.80817273,103.0,0
27.4166667,6.8,7.84166667,1.05144167,4.20833333,1.05144167,1.05144167,81.6666667,1
26.5833333,5.74166667,8.065,1.775,2.15,1.775,1.775,187.666667,0
24.8333333,7.975,8.02833333,0.30666667,2.3,0.30666667,0.30666667,854.0,0
24.75,8.56666667,8.155,0.295,3.11666667,0.295,0.295,1056.0,0
24.75,7.68333333,8.0875,0.8025,4.825,0.8025,0.8025,1600.0,0
24.5833333,7.96666667,8.18666667,0.27583333,2.15,0.27583333,0.27583333,1182.0,0
24.9166667,7.93333333,8.13333333,0.27416667,3.15833333,0.27416667,0.27416667,1600.0,0
26.5,6.825,7.895,0.23,1.73333333,0.23,0.23,1196.0,1
27.5833333,6.53333333,8.03916667,0.3025,1.54166667,0.3025,0.3025,1188.0,0
25.0833333,8.11666667,8.15916667,0.2625,2.275,0.2625,0.2625,1380.0,0
20.0,5.525,7.72416667,0.26416667,0.625,0.26416667,0.26416667,1200.0,1
20.0,5.725,7.5875,0.2705,0.65416667,0.2705,0.2705,1308.33333,1
20.0,5.00833333,7.11,0.31633333,0.65,0.31633333,0.31633333,1325.0,1
26.2583333,6.43333333,7.53583333,1.73666667,1.11666667,1.73666667,1.73666667,524.5,1
26.2166667,6.7,7.7525,1.20325,1.0,1.20325,1.20325,329.666667,1
25.5916667,6.41666667,7.74,1.49333333,1.1,1.49333333,1.49333333,428.416667,1
26.3666667,6.20833333,7.40583333,1.9625,1.2,1.9625,1.9625,984.083333,1
25.5916667,6.30833333,7.5675,1.89666667,1.33333333,1.89666667,1.89666667,793.25,1
25.75,7.7,7.6125,9.753703561146343,1.15,9.753703561146343,9.753703561146343,7.0,1
25.75,7.7,7.7,9.753703561146343,1.225,9.753703561146343,9.753703561146343,10.0,1
27.4444444,6.01111111,7.95555556,1.87765556,4.74444444,1.87765556,1.87765556,100.0,1
26.3333333,6.20833333,8.1825,0.79166667,1.88333333,0.79166667,0.79166667,105.583333,0
26.5,5.61666667,7.70666667,3.44166667,3.20833333,3.44166667,3.44166667,148.75,1
26.7727273,5.79166667,8.08166667,0.71566667,2.175,0.71566667,0.71566667,185.833333,0
26.8181818,5.30833333,8.08,0.91666667,2.2,0.91666667,0.91666667,148.333333,0
27.25,7.925,7.86583333,0.66466667,2.06666667,0.66466667,0.66466667,1395.83333,1
30.5,6.99,7.918,2.996,4.24444444,2.996,2.996,1160.0,1
24.5,8.9,8.12916667,0.295,2.59166667,0.295,0.295,1130.0,0
20.1666667,5.50909091,7.82666667,3.74733333,14.8583333,3.74733333,3.74733333,238.333333,1
20.1666667,5.96666667,7.965,2.19616667,6.0,2.19616667,2.19616667,138.583333,1
19.0,5.87,7.78833333,1.3125,5.30833333,1.3125,1.3125,121.416667,1
19.5,5.29333333,7.84166667,1.29366667,6.23333333,1.29366667,1.29366667,163.333333,1
20.0,5.5375,7.90083333,2.4275,6.60833333,2.4275,2.4275,116.666667,1
18.2222222,5.84,7.951,1.3028,5.38,1.3028,1.3028,154.6,1
21.525,7.775,7.55727273,0.98366667,1.71666667,0.98366667,0.98366667,80.6363636,1
22.5,7.8,7.543,0.9868,1.94,0.9868,0.9868,100.2,1
21.6363636,6.06454545,7.99909091,1.91581818,5.30909091,1.91581818,1.91581818,193.636364,1
22.5,5.91416667,7.9675,1.23725,4.96333333,1.23725,1.23725,185.833333,1
23.0,5.29333333,7.85583333,1.39783333,6.175,1.39783333,1.39783333,235.0,1
19.0833333,5.93166667,7.85166667,1.45583333,5.32666667,1.45583333,1.45583333,151.916667,1
18.25,5.3525,7.89916667,1.47016667,6.74166667,1.47016667,1.47016667,247.5,1
19.7272727,5.99666667,7.76666667,1.34083333,4.98,1.34083333,1.34083333,200.083333,1
22.1818182,5.53545455,7.85363636,1.65963636,5.37545455,1.65963636,1.65963636,183.636364,1
21.7272727,5.32909091,7.80363636,1.26809091,7.20909091,1.26809091,1.26809091,178.181818,1
20.8333333,5.58666667,7.94833333,1.48183333,5.635,1.48183333,1.48183333,144.5,1
21.9166667,5.0475,7.94083333,1.67875,6.625,1.67875,1.67875,245.0,1
20.6363636,5.35909091,8.10272727,2.14181818,6.86363636,2.14181818,2.14181818,283.636364,0
19.6,6.204,8.354,2.05,4.94,2.05,2.05,224.0,0
21.1666667,5.77166667,8.04083333,1.39308333,5.86416667,1.39308333,1.39308333,206.666667,0
20.0,5.86666667,7.665,0.33391667,0.64166667,0.33391667,0.33391667,1250.0,1
20.3333333,6.09166667,7.27916667,0.098,0.48333333,0.098,0.098,200.0,1
26.1666667,6.60833333,7.93333333,2.422458333,4.375,2.422458333,2.422458333,113.083333,1
25.6666667,6.15,7.66833333,1.12885,4.95,1.12885,1.12885,37.6666667,1
25.0833333,6.24545455,7.6325,1.0559,4.55833333,1.0559,1.0559,30.4166667,1
25.0833333,6.31666667,7.77666667,1.27196,4.15833333,1.27196,1.27196,44.1666667,1
25.1666667,6.38181818,7.66333333,1.43525,3.93333333,1.43525,1.43525,35.6666667,1
25.4166667,6.1,7.62833333,1.870718182,5.04166667,1.870718182,1.870718182,39.6666667,1
20.0,5.715,7.94083333,1.78191667,5.55833333,1.78191667,1.78191667,96.3333333,1
27.9166667,6.50833333,8.1,0.19825,1.5175,0.19825,0.19825,334.166667,0
28.4166667,6.23333333,8.045,0.24975,1.06666667,0.24975,0.24975,324.166667,0
26.6666667,6.74166667,7.89583333,0.20025,1.24833333,0.20025,0.20025,542.5,1
28.5,5.6,7.71416667,0.24741667,1.705,0.24741667,0.24741667,673.333333,1
26.1666667,6.85833333,7.85416667,0.16941667,1.26333333,0.16941667,0.16941667,346.666667,1
28.9166667,7.375,8.15083333,0.22225,1.155,0.22225,0.22225,322.5,0
25.8333333,6.8,7.805,0.15833333,1.2875,0.15833333,0.15833333,368.333333,1
28.0,6.50833333,8.11636364,0.17175,0.82916667,0.17175,0.17175,325.0,0
28.3333333,7.99166667,8.06083333,0.18316667,0.93083333,0.18316667,0.18316667,303.333333,0
27.8333333,7.575,7.83083333,0.22683333,0.8825,0.22683333,0.22683333,305.0,1
27.6363636,7.62727273,8.15272727,0.19581818,0.83090909,0.19581818,0.19581818,287.272727,0
26.5833333,6.09166667,8.02666667,0.159,1.94166667,0.159,0.159,460.0,0
26.0,6.425,8.05916667,0.19925,1.92166667,0.19925,0.19925,503.333333,0
28.1666667,6.475,8.00166667,0.20641667,1.25083333,0.20641667,0.20641667,316.666667,0
24.2727273,6.8,8.07090909,0.21581818,1.91454545,0.21581818,0.21581818,319.090909,0
26.8333333,6.35833333,7.78416667,0.25441667,1.3225,0.25441667,0.25441667,348.333333,1
27.5,5.8,7.88333333,0.18916667,1.19083333,0.18916667,0.18916667,288.333333,1
26.9166667,6.91666667,7.77083333,0.2125,1.8525,0.2125,0.2125,351.666667,1
27.4545455,7.0,8.11545455,0.21945455,1.67636364,0.21945455,0.21945455,863.636364,0
31.5,8.13333333,8.04583333,0.19966667,0.81083333,0.19966667,0.19966667,302.5,0
31.8333333,7.75,8.12833333,0.15833333,1.64666667,0.15833333,0.15833333,288.333333,0
25.0,7.275,7.8,0.12,1.25,0.12,0.12,1600.0,1
24.25,7.1,7.5825,0.145,1.25,0.145,0.145,1600.0,1
28.3333333,6.67,7.46666667,1.375,2.5,1.375,1.375,38.6666667,1
27.0,7.05,8.325,0.705,1.0,0.705,0.705,1600.0,0
27.0,3.65,7.7,21.335,2.125,21.335,21.335,70.0,1
26.5125,6.075,8.165,3.373625,3.57142857,3.373625,3.373625,53.625,0
25.5,9.885,9.575,5.755,2.5,5.755,5.755,17.5,0
26.5,4.475,7.55,0.73625,3.0,0.73625,0.73625,1600.0,1
27.6666667,4.3,7.76666667,0.96333333,2.66666667,0.96333333,0.96333333,1600.0,1
24.625,6.7,7.0,0.3225,0.7,0.3225,0.3225,435.0,1
24.75,6.825,8.075,0.171,1.0,0.171,0.171,1600.0,0
26.5,6.85,8.0,0.345,1.0,0.345,0.345,1600.0,1
26.75,7.375,8.0,0.3575,1.0,0.3575,0.3575,1600.0,1
26.6666667,5.76666667,7.56666667,0.42583333,1.91666667,0.42583333,0.42583333,1600.0,1
24.625,7.125,7.275,0.3075,0.425,0.3075,0.3075,315.0,1
26.1666667,8.09166667,8.06333333,0.2925,0.83833333,0.2925,0.2925,220.0,0
26.25,7.975,8.02083333,0.18491667,0.91916667,0.18491667,0.18491667,219.166667,0
27.5833333,6.74166667,7.9625,0.17808333,0.97666667,0.17808333,0.17808333,285.0,1
27.5833333,5.85833333,7.9875,0.16883333,1.29916667,0.16883333,0.16883333,347.5,1
27.4166667,6.65833333,7.88833333,0.1645,0.94666667,0.1645,0.1645,277.5,1
25.2222222,7.57777778,7.92333333,0.14966667,0.99111111,0.14966667,0.14966667,211.111111,1
28.0833333,5.76666667,7.99666667,0.2575,1.28333333,0.2575,0.2575,289.166667,1
28.1666667,5.1,7.87083333,0.21225,1.79916667,0.21225,0.21225,369.166667,1
27.9166667,2.925,7.59083333,0.43158333,35.0166667,0.43158333,0.43158333,306750.0,1
27.5833333,2.025,7.54416667,0.51283333,40.3074167,0.51283333,0.51283333,351616.667,1
28.375,6.33333333,7.57666667,0.2425,1.83333333,0.2425,0.2425,2020.0,1
24.0,7.38333333,7.615,0.09333333,1.16666667,0.09333333,0.09333333,94.1666667,1
25.5833333,7.09166667,7.67441667,0.20916667,1.15,0.20916667,0.20916667,130.833333,1
26.4166667,6.4,7.66283333,0.1575,2.02916667,0.1575,0.1575,368.333333,1
29.375,6.60833333,6.95208333,0.11083333,1.31666667,0.11083333,0.11083333,103.333333,1
25.1666667,7.16666667,7.66233333,0.14083333,1.13333333,0.14083333,0.14083333,113.333333,1
24.0833333,7.16666667,7.51766667,0.11666667,1.075,0.11666667,0.11666667,95.8333333,1
29.0,6.87272727,7.55881818,0.14181818,3.2,0.14181818,0.14181818,178.181818,1
29.25,6.85833333,7.15333333,0.13333333,1.33333333,0.13333333,0.13333333,135.0,1
24.3333333,7.55,7.59666667,0.09833333,1.74166667,0.09833333,0.09833333,102.5,1
29.3333333,6.4,6.9615,0.12583333,1.325,0.12583333,0.12583333,159.833333,1
26.75,6.23333333,7.591,0.23,1.82083333,0.23,0.23,276.666667,1
27.0,6.25833333,7.57066667,1.41583333,2.0375,1.41583333,1.41583333,298.333333,1
30.0,2.5,7.31833333,0.3995,139.75,0.3995,0.3995,472250.0,1
27.075,6.625,6.85,0.4,0.45,0.4,0.4,550.0,1
27.7,5.325,7.5,1.2225,2.525,1.2225,1.2225,467.5,1
27.35,6.225,7.25,0.835,1.625,0.835,0.835,480.0,1
29.0,5.125,7.525,0.41,2.35,0.41,0.41,3575.0,1
25.625,6.875,7.375,0.15,0.45,0.15,0.15,1400.0,1
28.0,6.275,7.275,0.315,1.8,0.315,0.315,1950.0,1
26.75,6.05,7.025,0.115,2.575,0.115,0.115,600.0,1
26.125,5.9,6.725,0.2475,1.95,0.2475,0.2475,2425.0,1
23.875,6.65,6.5,0.08,0.75,0.08,0.08,40.25,1
26.625,6.775,6.775,0.2,1.625,0.2,0.2,381.0,1
29.0,7.45,7.35,0.153333333,0.95,0.153333333,0.153333333,282.5,1
27.7916667,7.45833333,7.60833333,0.133333333,3.29166667,0.133333333,0.133333333,1525.0,1
25.5,7.1,7.535,0.15,0.575,0.15,0.15,885.0,1
26.1666667,7.93333333,7.1,0.093333333,1.0,0.093333333,0.093333333,170.0,1
27.75,7.95,7.125,0.79175,0.975,0.79175,0.79175,182.5,1
29.5,30.3666667,8.04,0.1,1.45,0.1,0.1,170.0,0
29.0,5.15,8.055,0.05,1.7,0.05,0.05,1830773.9839965322,0
19.3,6.47,6.516,0.142,5.67,0.142,0.142,12.4,1
18.9090909,4.80909091,7.57363636,0.77790909,10.08,0.77790909,0.77790909,13350.9091,1
24.4545455,7.66363636,8.01,0.40390909,1.51818182,0.40390909,0.40390909,370.909091,0
32.0,7.86,8.292,0.2148,1.506,0.2148,0.2148,282.0,0
25.057551299902723,6.00833333,8.17166667,0.15166667,2.16666667,0.15166667,0.15166667,3974.16667,0
25.057551299902723,6.15454545,7.93,0.25454545,1.90909091,0.25454545,0.25454545,5421.81818,1
23.625,6.15,8.254,0.167,2.7,0.167,0.167,3650.0,0
25.057551299902723,5.45,8.052,0.637,3.3,0.637,0.637,566.8,0
22.4090909,4.834,7.94818182,0.24363636,4.39454545,0.24363636,0.24363636,43.8181818,1
22.9166667,5.96083333,8.31916667,0.258181818,1.44333333,0.258181818,0.258181818,25.5,0
22.75,6.06833333,7.975,0.615,1.16333333,0.615,0.615,17.25,1
21.1666667,5.00416667,7.7975,0.31,1.6025,0.31,0.31,220.083333,1
25.75,4.5575,7.71,0.35,1.80416667,0.35,0.35,22.0833333,1
28.175,4.2775,7.83,0.51,13.2875,0.51,0.51,15.25,1
29.0,5.0,8.0,0.23,4.0,0.23,0.23,15.0,1
25.0,6.0,8.0,1.0,1.0,1.0,1.0,44.0,1
24.0,6.0,8.0,1.0,1.0,1.0,1.0,13.0,1
22.9545455,5.43181818,8.44454545,0.38272727,4.50727273,0.38272727,0.38272727,37.5454545,0
22.4545455,6.17727273,8.48545455,0.28909091,1.55636364,0.28909091,0.28909091,234.181818,0
22.3181818,6.17818182,8.33090909,0.35454545,1.52690909,0.35454545,0.35454545,29.4545455,0
29.0909091,3.467,8.01909091,0.49818182,6.19090909,0.49818182,0.49818182,394.363636,0
28.8125,4.10111111,8.54444444,0.95555556,6.58111111,0.95555556,0.95555556,157.666667,0
25.5714286,8.63,7.5,0.68285714,3.0,0.68285714,0.68285714,1830773.9839965322,1
21.0,6.85,7.85,0.36,2.285,0.36,0.36,1830773.9839965322,1
17.9545455,8.80909091,8.08727273,0.38490909,0.35454545,0.38490909,0.38490909,1726.36364,0
22.1181818,8.06363636,8.21,0.181111111,1.26363636,0.181111111,0.181111111,106.142857,0
23.0454545,7.56363636,7.77363636,0.4585,1.58181818,0.4585,0.4585,25.5454545,1
20.4181818,1.83636364,7.78727273,0.984,5.58181818,0.984,0.984,2400.0,1
16.375,7.51125,6.695,0.69075,8.0625,0.69075,0.69075,118.25,1
26.1,6.3,6.3,236.0,2.4,236.0,236.0,0.06,0
25.0,6.6,6.6,2.0,1.02,2.0,2.0,0.18,1
26.6,5.4,5.4,285.0,5.3,285.0,285.0,1830773.9839965322,0
26.5,5.1,5.1,80.0,1.73,80.0,80.0,1830773.9839965322,0
27.5,6.2,6.2,60.0,1.35,60.0,60.0,0.01,0
26.3,7.0,7.0,340.0,0.085,340.0,340.0,1830773.9839965322,1
28.0,7.5,7.5,165.0,6.1,165.0,165.0,0.18,1
26.0,6.5,6.5,175.0,2.8,175.0,175.0,0.12,1
26.5,7.2,7.2,170.0,1.6,170.0,170.0,0.08,1
27.3,6.1,6.1,110.0,2.04,110.0,110.0,0.005,0
28.5,6.1,6.1,254.0,2.65,254.0,254.0,1830773.9839965322,0
25.0,7.1,7.1,3.0,1.58,3.0,3.0,0.06,1
27.5,5.2,5.2,120.0,4.535,120.0,120.0,0.11,0
27.0,6.8,6.8,2.0,5.85,2.0,2.0,1830773.9839965322,1
26.1,6.8,6.8,270.0,0.195,270.0,270.0,1830773.9839965322,1
26.5,6.5,6.5,55.0,4.585,55.0,55.0,1830773.9839965322,1
25.7,6.5,6.5,160.0,2.46,160.0,160.0,1830773.9839965322,1
26.2,6.4,6.4,205.0,2.585,205.0,205.0,1830773.9839965322,0
26.3,6.8,6.8,550.0,3.93,550.0,550.0,1830773.9839965322,1
28.3,6.6,6.6,300.0,0.185,300.0,300.0,1830773.9839965322,1
27.9,7.2,7.2,140.0,2.25,140.0,140.0,1830773.9839965322,1
26.5,5.3,5.3,2.0,2.27,2.0,2.0,0.28,0
27.3,6.1,6.1,21.0,1.925,21.0,21.0,0.03,0
28.5,6.3,6.3,190.0,4.715,190.0,190.0,1830773.9839965322,0
28.0,5.9,5.9,235.0,1.65,235.0,235.0,1830773.9839965322,0
28.0,5.3,5.3,36.0,5.65,36.0,36.0,1830773.9839965322,0
26.5,6.6,6.6,285.0,7.55,285.0,285.0,0.12,1
27.5,7.4,7.4,13.0,3.5,13.0,13.0,0.22,1
24.3,7.3,7.3,155.0,0.85,155.0,155.0,0.22,1
27.0,7.8,7.8,80.0,3.3,80.0,80.0,0.57,1
26.0,8.1,8.1,47.0,0.93,47.0,47.0,0.64,0
27.0,7.5,7.5,38.0,1.31,38.0,38.0,0.69,1
26.0,7.6,7.6,22.0,0.26,22.0,22.0,0.42,1
27.0,8.0,8.0,98.0,0.86,98.0,98.0,0.66,1
28.0,8.2,8.2,50.0,0.45,50.0,50.0,0.47,0
25.057551299902723,7.5,7.5,9.753703561146343,0.88,9.753703561146343,9.753703561146343,0.47,1
25.5,7.6,7.6,19.0,49.97,19.0,19.0,0.03,1
27.0,7.7,7.7,13.0,1.52,13.0,13.0,1.24,1
30.0,7.9,7.9,2.0,0.33,2.0,2.0,0.97,1
21.0,7.6,7.6,23.0,23.51,23.0,23.0,0.78,1
21.0,8.2,8.2,26.0,1.68,26.0,26.0,0.68,0
21.0,8.1,8.1,37.0,8.78,37.0,37.0,0.91,0
20.0,7.9,7.9,40.0,9.0,40.0,40.0,0.29,1
23.0,8.3,8.3,20.0,2.24,20.0,20.0,0.99,0
21.0,8.4,8.4,20.0,2.25,20.0,20.0,0.72,0
21.0,7.6,7.6,26.0,6.84,26.0,26.0,0.38,1
22.5,7.9,7.9,27.0,2.3,27.0,27.0,0.38,1
19.0,7.5,7.5,18.0,2.18,18.0,18.0,0.22,1
23.0,8.0,8.0,3.0,1.44,3.0,3.0,1830773.9839965322,1
23.0,8.5,8.5,5.0,4.23,5.0,5.0,1830773.9839965322,0
24.0,8.1,8.1,4.0,4.11,4.0,4.0,1830773.9839965322,0
24.0,7.8,7.8,3.0,3.95,3.0,3.0,1830773.9839965322,1
23.5,8.0,8.0,3.0,4.28,3.0,3.0,1830773.9839965322,1
28.0,8.4,8.4,3.0,1.82,3.0,3.0,1.82,0
29.0,7.6,7.6,3.0,5.99,3.0,3.0,1.21,1
25.5,7.9,7.9,3.0,13.26,3.0,3.0,1830773.9839965322,1
25.057551299902723,8.0,8.0,9.753703561146343,2.17,9.753703561146343,9.753703561146343,0.52,1
25.057551299902723,7.5,7.5,9.753703561146343,2.27,9.753703561146343,9.753703561146343,0.39,1
25.5,7.7,7.7,14.0,0.1,14.0,14.0,0.13,1
25.057551299902723,7.4,7.4,9.753703561146343,6.05,9.753703561146343,9.753703561146343,0.61,1
26.0,7.7,7.7,20.5,5.05,20.5,20.5,0.08,1
26.5,7.9,7.9,25.0,4.25,25.0,25.0,0.99,1
30.0,7.4,7.4,19.0,0.22,19.0,19.0,0.87,1
25.0,7.8,7.8,11.0,0.27,11.0,11.0,1.8,1
25.0,7.5,7.5,11.0,0.4,11.0,11.0,1.8,1
25.0,7.9,7.9,17.0,0.28,17.0,17.0,1.6,1
25.057551299902723,8.5,8.5,9.753703561146343,10.66,9.753703561146343,9.753703561146343,0.49,0
22.0,7.7,7.7,15.0,1.03,15.0,15.0,0.73,1
18.0,7.7,7.7,52.0,2.97,52.0,52.0,0.73,1
30.0,6.2,6.2,9.753703561146343,0.2,9.753703561146343,9.753703561146343,1830773.9839965322,0
29.5,6.3,6.3,9.753703561146343,0.06,9.753703561146343,9.753703561146343,1830773.9839965322,0
29.0,5.9,5.9,9.753703561146343,0.36,9.753703561146343,9.753703561146343,1830773.9839965322,0
29.0,5.8,5.8,9.753703561146343,0.35,9.753703561146343,9.753703561146343,1830773.9839965322,0
28.5,6.3,6.3,9.753703561146343,0.56,9.753703561146343,9.753703561146343,1830773.9839965322,0
30.5,6.2,6.2,4.0,0.73,4.0,4.0,1830773.9839965322,0
27.0,7.6,7.6,2.0,0.12,2.0,2.0,1.15,1
28.0,8.4,8.4,4.0,1.36,4.0,4.0,0.44,0
28.0,8.1,8.1,5.0,0.52,5.0,5.0,0.03,0
29.5,8.0,8.0,7.0,0.24,7.0,7.0,0.38,1
27.5,8.1,8.1,5.0,0.07,5.0,5.0,1830773.9839965322,0
29.0,7.6,7.6,3.0,0.82,3.0,3.0,0.08,1
27.0,8.2,8.2,3.0,0.48,3.0,3.0,0.37,0
29.0,8.0,8.0,400.0,0.09,400.0,400.0,0.009,1
29.0,8.2,8.2,9.753703561146343,0.19,9.753703561146343,9.753703561146343,1830773.9839965322,0
29.0,8.2,8.2,9.753703561146343,2.12,9.753703561146343,9.753703561146343,1830773.9839965322,0
29.0,8.3,8.3,9.753703561146343,3.42,9.753703561146343,9.753703561146343,1830773.9839965322,0
28.0,8.0,8.0,3.0,0.13,3.0,3.0,0.19,1
29.0,8.0,8.0,3.0,0.22,3.0,3.0,0.11,1
30.0,8.1,8.1,7.0,0.18,7.0,7.0,0.29,0
29.0,7.8,7.8,3.0,0.04,3.0,3.0,0.17,1
29.0,8.1,8.1,3.0,0.09,3.0,3.0,0.17,0
29.0,8.0,8.0,3.0,0.03,3.0,3.0,0.19,1
30.0,8.1,8.1,3.0,0.27,3.0,3.0,0.54,0
28.0,8.0,8.0,6.0,2.67,6.0,6.0,1.58,1
24.0,8.6,8.6,6.0,1.5,6.0,6.0,0.69,0
30.0,7.6,7.6,3.0,0.23,3.0,3.0,0.91,1
32.0,7.8,7.8,3.0,0.38,3.0,3.0,0.7,1
29.0,7.6,7.6,4.0,0.57,4.0,4.0,0.89,1
30.5,7.6,7.6,4.0,2.41,4.0,4.0,0.65,1
29.0,8.2,8.2,3.0,2.94,3.0,3.0,1.14,0
28.0,7.9,7.9,3.0,0.39,3.0,3.0,1.06,1
30.5,8.2,8.2,3.0,0.55,3.0,3.0,0.42,0
29.5,7.7,7.7,4.0,9.52,4.0,4.0,0.46,1
26.3,8.5,8.5,3.0,4.37,3.0,3.0,1.05,0
28.0,8.0,8.0,4.0,1.06,4.0,4.0,1.21,1
30.5,8.0,8.0,4.0,1.04,4.0,4.0,0.6,1
29.0,7.4,7.4,3.0,0.25,3.0,3.0,0.36,1
30.0,7.7,7.7,4.0,3.08,4.0,4.0,1.33,1
30.5,8.1,8.1,4.0,0.74,4.0,4.0,0.63,0
29.5,7.4,7.4,4.0,0.2,4.0,4.0,0.36,1
23.5,7.7,7.7,4.0,0.31,4.0,4.0,1.46,1
23.5,7.5,7.5,5.0,9.84,5.0,5.0,0.87,1
23.0,7.5,7.5,6.0,0.58,6.0,6.0,0.52,1
24.0,7.7,7.7,4.0,1.4,4.0,4.0,1.29,1
23.0,7.5,7.5,4.0,0.99,4.0,4.0,0.4,1
23.0,7.8,7.8,3.0,1.29,3.0,3.0,0.47,1
22.0,7.6,7.6,4.0,3.69,4.0,4.0,0.59,1
23.0,7.4,7.4,5.0,5.89,5.0,5.0,1.0,1
22.0,7.5,7.5,3.0,3.36,3.0,3.0,0.47,1
29.0,7.3,7.3,4.0,2.9,4.0,4.0,1.17,1
28.5,7.3,7.3,4.0,0.23,4.0,4.0,0.51,1
28.5,7.6,7.6,3.0,2.85,3.0,3.0,0.27,1
28.0,7.8,7.8,3.0,0.58,3.0,3.0,0.57,1
28.0,7.7,7.7,3.0,0.28,3.0,3.0,0.29,1
22.0,7.8,7.8,4.0,0.15,4.0,4.0,0.23,1
23.0,7.3,7.3,4.0,1.24,4.0,4.0,0.62,1
23.0,7.5,7.5,4.0,1.12,4.0,4.0,1.16,1
23.0,7.6,7.6,4.0,0.95,4.0,4.0,0.52,1
23.0,7.6,7.6,6.0,1.38,6.0,6.0,0.42,1
27.0,8.2,8.2,3.0,0.92,3.0,3.0,0.93,0
30.0,7.3,7.3,9.0,1.66,9.0,9.0,1.37,1
30.7,7.4,7.4,7.0,0.99,7.0,7.0,1.19,1
30.4,7.4,7.4,4.0,0.28,4.0,4.0,1.28,1
30.5,8.4,8.4,4.0,2.73,4.0,4.0,0.57,0
31.0,8.1,8.1,3.0,1.01,3.0,3.0,0.5,0
30.5,8.1,8.1,4.0,1.38,4.0,4.0,0.46,0
30.0,8.0,8.0,4.0,0.64,4.0,4.0,0.51,1
24.0,8.0,8.0,6.0,0.91,6.0,6.0,1.42,1
26.5,8.3,8.3,4.0,0.76,4.0,4.0,1.31,0
26.0,8.1,8.1,8.0,0.45,8.0,8.0,1.21,0
27.0,8.3,8.3,6.0,0.58,6.0,6.0,2.96,0
32.0,7.2,7.2,4.0,0.78,4.0,4.0,0.4,1
30.7,7.6,7.6,3.0,0.22,3.0,3.0,0.92,1
31.5,7.3,7.3,3.0,0.26,3.0,3.0,0.88,1
30.0,8.1,8.1,3.0,0.3,3.0,3.0,1.1,0
30.0,7.3,7.3,3.0,0.24,3.0,3.0,0.81,1
29.0,7.6,7.6,4.0,0.32,4.0,4.0,1.13,1
28.5,7.3,7.3,4.0,0.15,4.0,4.0,1.06,1
26.0,7.7,7.7,4.0,0.46,4.0,4.0,0.96,1
24.1,7.7,7.7,4.0,0.38,4.0,4.0,2.12,1
21.6,7.7,7.7,4.0,0.35,4.0,4.0,1.56,1
21.9,7.3,7.3,4.0,0.22,4.0,4.0,1.05,1
28.5,7.7,7.7,4.0,0.22,4.0,4.0,1.36,1
28.5,7.4,7.4,4.0,0.26,4.0,4.0,1.34,1
27.5,6.7,6.7,6.0,0.22,6.0,6.0,1.31,1
28.5,7.6,7.6,3.0,0.08,3.0,3.0,1.48,1
28.5,7.4,7.4,4.0,0.16,4.0,4.0,1.26,1
28.0,7.7,7.7,6.0,0.19,6.0,6.0,1.4,1
27.0,7.4,7.4,4.0,0.08,4.0,4.0,1.48,1
28.0,7.4,7.4,4.0,0.08,4.0,4.0,1.3,1
29.0,8.2,8.2,3.0,0.15,3.0,3.0,0.4,0
28.5,7.7,7.7,4.0,0.14,4.0,4.0,0.92,1
28.5,8.2,8.2,3.0,4.69,3.0,3.0,1.04,0
30.0,8.5,8.5,3.0,1.03,3.0,3.0,0.64,0
27.5,8.4,8.4,3.0,0.53,3.0,3.0,1.41,0
20.8,7.8,7.8,9.753703561146343,0.39,9.753703561146343,9.753703561146343,1830773.9839965322,1
25.5,6.9,6.9,50.0,3.8529665376271187,50.0,50.0,1830773.9839965322,1
24.5,6.9,6.9,25.0,3.85,25.0,25.0,1830773.9839965322,1
25.057551299902723,7.5,7.5,2.0,3.77,2.0,2.0,1.6,1
25.057551299902723,7.1,7.1,2.0,5.5,2.0,2.0,1.8,1
25.057551299902723,7.2,7.2,2.0,10.3,2.0,2.0,2.45,1
25.057551299902723,7.4,7.4,2.0,12.6,2.0,2.0,2.1,1
25.057551299902723,7.8,7.8,2.0,4.6,2.0,2.0,1830773.9839965322,1
27.0,7.8,7.8,9.753703561146343,2.85,9.753703561146343,9.753703561146343,2.95,1
27.0,6.9,6.9,9.753703561146343,34.5,9.753703561146343,9.753703561146343,1.22,1
22.5,7.8,7.8,9.753703561146343,8.66,9.753703561146343,9.753703561146343,1.48,1
23.0,7.9,7.9,9.753703561146343,0.23,9.753703561146343,9.753703561146343,1.88,1
26.9,7.5,7.5,9.753703561146343,0.0,9.753703561146343,9.753703561146343,1830773.9839965322,1
21.0,7.3,7.3,9.753703561146343,0.0,9.753703561146343,9.753703561146343,0.68,1
21.0,6.9,6.9,9.753703561146343,2.77,9.753703561146343,9.753703561146343,0.82,1
21.4,7.4,7.4,9.753703561146343,1.29,9.753703561146343,9.753703561146343,0.64,1
21.0,7.4,7.4,9.753703561146343,0.08,9.753703561146343,9.753703561146343,0.6,1
27.2,7.2,7.2,9.753703561146343,1.74,9.753703561146343,9.753703561146343,1830773.9839965322,1
26.6,6.6,6.6,9.753703561146343,0.0,9.753703561146343,9.753703561146343,0.66,1
27.0,7.0,7.0,9.753703561146343,5.88,9.753703561146343,9.753703561146343,1830773.9839965322,1
27.0,6.9,6.9,9.753703561146343,0.0,9.753703561146343,9.753703561146343,0.47,1
26.6,6.4,6.4,9.753703561146343,3.78,9.753703561146343,9.753703561146343,0.27,0
26.6,7.0,7.0,9.753703561146343,23.46,9.753703561146343,9.753703561146343,0.3,1
27.8,7.2,7.2,9.753703561146343,0.35,9.753703561146343,9.753703561146343,1830773.9839965322,1
27.5,7.1,7.1,9.753703561146343,0.0,9.753703561146343,9.753703561146343,1830773.9839965322,1
26.75,6.8,6.8,9.753703561146343,0.0,9.753703561146343,9.753703561146343,0.36,1
27.0,7.2,7.2,9.753703561146343,6.33,9.753703561146343,9.753703561146343,0.42,1
24.5,8.0,8.0,40.0,3.24,40.0,40.0,1830773.9839965322,1
23.0,7.8,7.8,9.753703561146343,0.28,9.753703561146343,9.753703561146343,1.15,1
23.0,8.1,8.1,9.753703561146343,0.37,9.753703561146343,9.753703561146343,1.17,0
25.057551299902723,7.7,7.7,1.8,3.8529665376271187,1.8,1.8,1830773.9839965322,1
25.25,7.4,7.4,9.753703561146343,5.8,9.753703561146343,9.753703561146343,1830773.9839965322,1
23.0,7.3,7.3,9.753703561146343,0.24,9.753703561146343,9.753703561146343,1830773.9839965322,1
30.0,7.9,7.9,2.0,5.51,2.0,2.0,0.11,1
27.5,7.4,7.4,2.0,5.26,2.0,2.0,0.05,1
28.0,8.0,8.0,2.0,0.4,2.0,2.0,0.07,1
27.5,7.3,7.3,2.0,0.48,2.0,2.0,0.12,1
28.5,8.1,8.1,2.0,5.86,2.0,2.0,0.18,0
29.0,5.8,5.8,2.0,5.9,2.0,2.0,0.31,0
28.5,6.3,6.3,2.0,2.69,2.0,2.0,0.2,0
31.0,7.1,7.1,4.0,1.0,4.0,4.0,0.26,1
28.5,6.1,6.1,2.0,1.58,2.0,2.0,0.23,0
28.0,6.6,6.6,2.0,5.41,2.0,2.0,0.2,1
28.0,7.6,7.6,3.0,6.75,3.0,3.0,0.12,1
27.0,7.7,7.7,17.0,11.84,17.0,17.0,0.13,1
29.5,7.5,7.5,2.0,10.31,2.0,2.0,0.15,1
30.0,7.8,7.8,2.0,0.85,2.0,2.0,0.07,1
23.0,7.2,7.2,9.753703561146343,3.8529665376271187,9.753703561146343,9.753703561146343,1.0,1
22.5,7.2,7.2,9.753703561146343,3.8529665376271187,9.753703561146343,9.753703561146343,1.0,1
22.0,7.2,7.2,9.753703561146343,3.8529665376271187,9.753703561146343,9.753703561146343,0.8,1
22.0,7.3,7.3,9.753703561146343,3.8529665376271187,9.753703561146343,9.753703561146343,0.9,1
22.0,7.2,7.2,9.753703561146343,3.8529665376271187,9.753703561146343,9.753703561146343,0.8,1
24.0,7.8,7.8,9.753703561146343,3.8529665376271187,9.753703561146343,9.753703561146343,0.6,1
23.0,8.1,8.1,9.753703561146343,3.8529665376271187,9.753703561146343,9.753703561146343,0.8,0
25.5,7.8,7.8,9.753703561146343,3.8529665376271187,9.753703561146343,9.753703561146343,0.4,1
25.5,7.7,7.7,9.753703561146343,3.8529665376271187,9.753703561146343,9.753703561146343,0.6,1
25.5,7.7,7.7,9.753703561146343,3.8529665376271187,9.753703561146343,9.753703561146343,0.8,1
25.8,7.7,7.7,9.753703561146343,3.8529665376271187,9.753703561146343,9.753703561146343,0.8,1
23.0,8.0,8.0,9.753703561146343,3.8529665376271187,9.753703561146343,9.753703561146343,1830773.9839965322,1
24.0,7.8,7.8,9.753703561146343,3.8529665376271187,9.753703561146343,9.753703561146343,0.8,1
24.0,7.7,7.7,9.753703561146343,3.8529665376271187,9.753703561146343,9.753703561146343,0.9,1
24.0,7.6,7.6,9.753703561146343,3.8529665376271187,9.753703561146343,9.753703561146343,0.9,1
23.5,7.9,7.9,9.753703561146343,3.8529665376271187,9.753703561146343,9.753703561146343,0.8,1
23.0,8.2,8.2,9.753703561146343,3.8529665376271187,9.753703561146343,9.753703561146343,0.8,0
22.0,8.6,8.6,9.753703561146343,3.8529665376271187,9.753703561146343,9.753703561146343,0.6,0
22.0,8.1,8.1,9.753703561146343,3.8529665376271187,9.753703561146343,9.753703561146343,0.9,0
23.5,8.2,8.2,9.753703561146343,3.8529665376271187,9.753703561146343,9.753703561146343,0.8,0
23.0,7.4,7.4,9.753703561146343,3.8529665376271187,9.753703561146343,9.753703561146343,0.9,1
25.5,7.7,7.7,9.753703561146343,3.8529665376271187,9.753703561146343,9.753703561146343,0.9,1
23.5,8.1,8.1,9.753703561146343,3.8529665376271187,9.753703561146343,9.753703561146343,1.0,0
25.5,8.1,8.1,9.753703561146343,3.8529665376271187,9.753703561146343,9.753703561146343,0.8,0
23.0,7.2,7.2,9.753703561146343,3.8529665376271187,9.753703561146343,9.753703561146343,0.8,1
25.0,7.7,7.7,9.753703561146343,3.8529665376271187,9.753703561146343,9.753703561146343,1830773.9839965322,1
26.0,7.7,7.7,9.753703561146343,3.8529665376271187,9.753703561146343,9.753703561146343,1830773.9839965322,1
22.5,8.6,8.6,9.753703561146343,3.8529665376271187,9.753703561146343,9.753703561146343,0.8,0
23.0,8.0,8.0,9.753703561146343,3.8529665376271187,9.753703561146343,9.753703561146343,0.9,1
24.3,7.9,7.9,9.753703561146343,3.8529665376271187,9.753703561146343,9.753703561146343,0.8,1
28.0,7.5,7.5,9.753703561146343,3.8529665376271187,9.753703561146343,9.753703561146343,0.9,1
25.5,7.8,7.8,9.753703561146343,3.8529665376271187,9.753703561146343,9.753703561146343,0.8,1
25.8,7.7,7.7,9.753703561146343,3.8529665376271187,9.753703561146343,9.753703561146343,0.9,1
27.0,7.7,7.7,9.753703561146343,3.8529665376271187,9.753703561146343,9.753703561146343,0.8,1
25.0,7.5,7.5,9.753703561146343,3.8529665376271187,9.753703561146343,9.753703561146343,1830773.9839965322,1
22.0,8.2,8.2,9.753703561146343,3.8529665376271187,9.753703561146343,9.753703561146343,0.6,0
22.0,7.4,7.4,9.753703561146343,3.8529665376271187,9.753703561146343,9.753703561146343,0.6,1
23.5,7.2,7.2,9.753703561146343,3.8529665376271187,9.753703561146343,9.753703561146343,0.8,1
27.3,7.7,7.7,9.753703561146343,3.8529665376271187,9.753703561146343,9.753703561146343,0.4,1
27.0,7.3,7.3,9.753703561146343,3.8529665376271187,9.753703561146343,9.753703561146343,1830773.9839965322,1
24.5,8.0,8.0,9.753703561146343,3.8529665376271187,9.753703561146343,9.753703561146343,0.6,1
24.0,7.7,7.7,9.753703561146343,3.8529665376271187,9.753703561146343,9.753703561146343,0.9,1
23.0,8.0,8.0,9.753703561146343,3.8529665376271187,9.753703561146343,9.753703561146343,0.6,1
23.0,7.5,7.5,9.753703561146343,3.8529665376271187,9.753703561146343,9.753703561146343,0.8,1
25.5,7.8,7.8,9.753703561146343,3.8529665376271187,9.753703561146343,9.753703561146343,0.6,1
29.75,7.9,7.9,13.0,10.17,13.0,13.0,0.51,1
31.25,7.5,7.5,9.753703561146343,0.29,9.753703561146343,9.753703561146343,0.4,1
31.5,6.6,6.6,9.753703561146343,0.41,9.753703561146343,9.753703561146343,0.33,1
32.0,7.9,7.9,9.753703561146343,3.09,9.753703561146343,9.753703561146343,0.31,1
31.0,7.9,7.9,9.753703561146343,0.15,9.753703561146343,9.753703561146343,0.3,1
28.0,7.4,7.4,9.753703561146343,0.18,9.753703561146343,9.753703561146343,0.07,1
28.0,7.2,7.2,9.753703561146343,0.14,9.753703561146343,9.753703561146343,0.03,1
31.5,7.6,7.6,2.0,0.09,2.0,2.0,0.34,1
29.5,7.8,7.8,4.0,0.1,4.0,4.0,0.49,1
28.5,7.9,7.9,8.0,0.04,8.0,8.0,0.37,1
31.0,8.2,8.2,4.0,0.04,4.0,4.0,0.61,0
27.5,7.8,7.8,9.753703561146343,0.1,9.753703561146343,9.753703561146343,0.41,1
26.0,7.5,7.5,3.0,0.11,3.0,3.0,0.79,1
28.5,7.0,7.0,9.753703561146343,0.05,9.753703561146343,9.753703561146343,0.04,1
28.8,6.8,6.8,9.753703561146343,25.5,9.753703561146343,9.753703561146343,0.03,1
27.5,7.2,7.2,80.0,0.0,80.0,80.0,0.4,1
27.5,7.8,7.8,2.0,0.04,2.0,2.0,0.42,1
26.5,7.4,7.4,9.753703561146343,0.11,9.753703561146343,9.753703561146343,0.48,1
25.5,7.8,7.8,2.0,0.1,2.0,2.0,0.53,1
26.5,7.8,7.8,8.0,0.11,8.0,8.0,0.37,1
28.5,8.3,8.3,9.753703561146343,0.04,9.753703561146343,9.753703561146343,0.996,0
28.5,7.5,7.5,9.753703561146343,0.04,9.753703561146343,9.753703561146343,0.75,1
29.5,8.2,8.2,9.753703561146343,0.04,9.753703561146343,9.753703561146343,0.03,0
28.0,7.7,7.7,9.753703561146343,0.17,9.753703561146343,9.753703561146343,0.05,1
29.5,7.1,7.1,9.753703561146343,0.02,9.753703561146343,9.753703561146343,0.14,1
27.5,7.1,7.1,9.753703561146343,0.07,9.753703561146343,9.753703561146343,0.09,1
31.5,7.7,7.7,9.753703561146343,0.07,9.753703561146343,9.753703561146343,0.26,1
29.25,7.6,7.6,9.753703561146343,0.13,9.753703561146343,9.753703561146343,0.09,1
29.0,6.6,6.6,9.753703561146343,0.13,9.753703561146343,9.753703561146343,0.08,1
26.0,7.3,7.3,9.753703561146343,1.46,9.753703561146343,9.753703561146343,0.08,1
28.0,8.3,8.3,9.753703561146343,0.0,9.753703561146343,9.753703561146343,0.32,0
28.0,7.3,7.3,9.753703561146343,0.07,9.753703561146343,9.753703561146343,0.06,1
27.0,7.5,7.5,9.753703561146343,0.06,9.753703561146343,9.753703561146343,0.04,1
24.5,6.5,6.5,640.0,0.16,640.0,640.0,0.06,1
27.3,6.6,6.6,9.753703561146343,0.89,9.753703561146343,9.753703561146343,0.3,1
28.0,6.6,6.6,9.753703561146343,0.46,9.753703561146343,9.753703561146343,0.3,1
65.0,9.3,9.3,9.753703561146343,0.68,9.753703561146343,9.753703561146343,14.0,0
25.0,6.8,6.8,9.753703561146343,0.08,9.753703561146343,9.753703561146343,0.31,1
32.5,7.0,7.0,9.753703561146343,0.8,9.753703561146343,9.753703561146343,0.46,1
27.5,6.9,6.9,9.753703561146343,0.17,9.753703561146343,9.753703561146343,0.33,1
27.5,5.9,5.9,9.753703561146343,6.28,9.753703561146343,9.753703561146343,0.2,0
26.5,6.7,6.7,9.753703561146343,2.53,9.753703561146343,9.753703561146343,0.4,1
26.3,7.5,7.5,9.753703561146343,0.77,9.753703561146343,9.753703561146343,0.81,1
27.3,6.9,6.9,9.753703561146343,0.17,9.753703561146343,9.753703561146343,0.4,1
28.8,6.4,6.4,9.753703561146343,0.1,9.753703561146343,9.753703561146343,0.06,0
28.0,7.0,7.0,8.0,2.62,8.0,8.0,0.32,1
26.5,7.5,7.5,4.0,5.9,4.0,4.0,0.31,1
26.0,8.0,8.0,7.0,0.13,7.0,7.0,0.62,1
28.8,7.9,7.9,9.753703561146343,0.28,9.753703561146343,9.753703561146343,0.51,1
20.1818182,5.95083333,7.83166667,1.4945,5.5,1.4945,1.4945,80.9166667,1
21.8888889,5.24222222,7.94222222,2.14766667,6.26444444,2.14766667,2.14766667,345.555556,1
20.4166667,5.8775,8.10916667,1.431,4.9875,1.431,1.431,110.0,0
20.75,5.055,7.97,1.6515,6.77083333,1.6515,1.6515,181.666667,1
22.4583333,5.95833333,7.7875,0.21383333,2.76666667,0.21383333,0.21383333,873.333333,1
23.5833333,5.87272727,7.72181818,1.2505,3.83636364,1.2505,1.2505,148.333333,1
23.35,5.07333333,7.82416667,0.42958333,5.81666667,0.42958333,0.42958333,1335.41667,1
24.3333333,6.50833333,7.97916667,1.095336364,2.875,1.095336364,1.095336364,128.666667,1
23.6666667,6.475,8.02666667,0.9765,3.175,0.9765,0.9765,120.833333,0
23.6666667,5.94166667,7.875,1.456354545,3.15833333,1.456354545,1.456354545,119.166667,1
20.7,5.34166667,7.98416667,0.605,5.325,0.605,0.605,1393.75,1
20.4416667,5.20416667,7.835,0.63916667,5.6,0.63916667,0.63916667,1354.16667,1
22.6181818,5.15454545,7.75090909,0.44181818,5.53636364,0.44181818,0.44181818,1256.81818,1
27.0833333,7.40833333,8.07333333,7.275,1.41818182,7.275,7.275,955.833333,0
26.0,7.33333333,8.07,7.45166667,1.45090909,7.45166667,7.45166667,1303.33333,0
29.2272727,6.63636364,8.06181818,0.21190909,1.17272727,0.21190909,0.21190909,458.181818,0
28.0,7.28333333,8.16333333,0.2975,1.38333333,0.2975,0.2975,1273.33333,0
28.9166667,7.28333333,8.195,0.37808333,3.0,0.37808333,0.37808333,4753.33333,0
29.3181818,6.66363636,8.04545455,0.24009091,1.17272727,0.24009091,0.24009091,586.363636,0
31.4583333,9.09166667,7.95666667,0.409454545,3.11666667,0.409454545,0.409454545,1600.0,1
30.75,9.125,8.08583333,0.42666667,3.24166667,0.42666667,0.42666667,947.5,0
26.9166667,6.60909091,7.88833333,1.10833333,2.73333333,1.10833333,1.10833333,1074.16667,1
27.75,5.08333333,8.3525,1.06666667,2.925,1.06666667,1.06666667,340.833333,0
28.9166667,6.08333333,7.86666667,0.26666667,0.74166667,0.26666667,0.26666667,2558.33333,1
27.9166667,6.40833333,7.61416667,0.24166667,0.6,0.24166667,0.24166667,1658.33333,1
28.4166667,6.075,7.85833333,0.1825,0.54166667,0.1825,0.1825,2191.66667,1
28.4166667,6.01666667,7.80416667,0.27583333,0.58333333,0.27583333,0.27583333,1366.66667,1
26.4444444,6.35,7.512,1.265,2.62,1.265,1.265,120.0,1
25.0,6.48181818,7.87333333,1.626818182,2.70833333,1.626818182,1.626818182,158.333333,1
24.5833333,6.425,7.98,2.543909091,2.48333333,2.543909091,2.543909091,125.833333,1
24.8333333,5.76666667,7.54166667,1.722636364,8.45833333,1.722636364,1.722636364,220.833333,1
27.0,3.427,7.679,0.733333333,9.81,0.733333333,0.733333333,1550.0,1
26.8333333,4.80416667,7.86083333,0.41166667,6.37166667,0.41166667,0.41166667,1258.33333,1
27.6666667,5.46666667,7.72916667,0.53166667,4.0,0.53166667,0.53166667,864.583333,1
26.3,2.409,7.755,0.789,13.09,0.789,0.789,1700.0,1
26.7,3.867,7.811,0.412,8.51,0.412,0.412,1610.0,1
27.5,4.328,7.93,0.529,7.77,0.529,0.529,1540.0,1
28.5833333,5.265,7.9975,0.525,5.28333333,0.525,0.525,1485.41667,1
25.0416667,5.11416667,8.06083333,0.70583333,6.30833333,0.70583333,0.70583333,1225.0,0
27.2727273,6.54545455,8.14363636,0.62181818,3.25454545,0.62181818,0.62181818,9300.0,0
27.8181818,6.59090909,8.18363636,0.63363636,2.75454545,0.63363636,0.63363636,6663.63636,0
28.6363636,6.56363636,8.21909091,0.70545455,2.23363636,0.70545455,0.70545455,6181.81818,0
31.75,7.43333333,7.660072437113207,800.0,0.08,800.0,800.0,1830773.9839965322,0
28.7545455,5.38727273,7.91,12.4845455,1.26409091,12.4845455,12.4845455,565.454545,1
27.4166667,6.675,7.9225,7.11416667,1.20909091,7.11416667,7.11416667,641.083333,1
26.0,6.8,7.66,3.67916667,1.42833333,3.67916667,3.67916667,1207.5,1
26.0833333,6.85,8.02416667,3.265,0.845,3.265,3.265,738.833333,0
28.8727273,5.19,8.06818182,8.26545455,0.84681818,8.26545455,8.26545455,550.636364,0
28.1818182,5.29909091,8.02545455,9.35818182,1.08954545,9.35818182,9.35818182,612.090909,0
24.9166667,7.21083333,7.65,1.013636364,2.1,1.013636364,1.013636364,218.333333,1
26.3454545,7.26454545,7.86090909,1.35,2.22727273,1.35,1.35,190.0,1
28.8333333,7.23333333,8.00583333,0.44225,2.60833333,0.44225,0.44225,6585.0,0
27.1,6.41,7.666,4.04,2.51,4.04,4.04,1105.0,1
26.6,6.33333333,7.532,1.44,3.04,1.44,1.44,1440.0,1
26.0666667,7.1825,7.68583333,0.993636364,2.03333333,0.993636364,0.993636364,924.166667,1
25.9916667,7.18083333,7.41333333,1.138181818,1.91666667,1.138181818,1.138181818,195.0,1
27.1666667,6.28416667,7.24083333,1.77083333,4.225,1.77083333,1.77083333,324.166667,1
27.2916667,6.55416667,7.55416667,1.45833333,3.075,1.45833333,1.45833333,231.666667,1
26.1833333,6.685,7.48916667,1.6375,2.85833333,1.6375,1.6375,265.0,1
28.4,7.16,8.044,0.2595,2.29,0.2595,0.2595,7400.0,0
26.1666667,6.91666667,7.34166667,1.49,2.0,1.49,1.49,228.333333,1
27.25,7.225,7.45,1.233333333,2.225,1.233333333,1.233333333,217.5,1
25.8,6.77454545,7.22545455,0.09454545,1.0,0.09454545,0.09454545,1600.0,1
25.9166667,6.875,7.2125,1.9375,3.76666667,1.9375,1.9375,841.666667,1
26.8181818,7.01818182,7.41909091,1.62,2.51818182,1.62,1.62,239.090909,1
25.25,7.175,7.38583333,1.4585,1.59166667,1.4585,1.4585,160.833333,1
24.3636364,6.92545455,7.31,0.07209091,1.0,0.07209091,0.07209091,1600.0,1
25.6666667,6.875,7.91666667,0.5425,2.8,0.5425,0.5425,1350.0,1
26.5,1.25,7.63416667,21.87272727,49.88,21.87272727,21.87272727,1600.0,1
26.75,7.173719770731244,7.65083333,16.505,109.7,16.505,16.505,1600.0,1
29.8333333,6.11666667,7.8125,0.28916667,0.65,0.28916667,0.28916667,2350.0,1
28.75,5.38333333,7.73583333,0.25333333,0.68333333,0.25333333,0.25333333,2233.33333,1
26.3333333,6.5,8.12333333,1.3,1.43333333,1.3,1.3,11333.3333,0
26.8,6.56,8.07,1.498,2.287,1.498,1.498,4600.0,0
27.0833333,4.88333333,7.46833333,11.6083333,10.475,11.6083333,11.6083333,367.416667,1
26.6666667,5.96666667,7.67333333,2.36666667,2.48333333,2.36666667,2.36666667,1033.33333,1
26.5,6.4,7.675,2.73,2.79,2.73,2.73,1119.0,1
29.0,5.31090909,8.03909091,6.92454545,1.20954545,6.92454545,6.92454545,563.636364,0
27.3333333,4.385,8.08916667,0.8275,7.78333333,0.8275,0.8275,1612.5,0
27.1666667,5.45833333,8.05333333,0.625,4.45,0.625,0.625,1452.08333,0
26.5,5.4875,7.92166667,0.49333333,5.05,0.49333333,0.49333333,1050.0,1
23.7833333,4.08083333,8.28583333,0.50666667,8.725,0.50666667,0.50666667,1383.33333,0
23.85,4.95666667,7.9825,0.38166667,6.1,0.38166667,0.38166667,1233.33333,1
20.65,5.25,7.79583333,0.4615,5.75,0.4615,0.4615,1372.5,1
20.375,5.58916667,7.7875,1.73,3.86666667,1.73,1.73,681.25,1
21.325,4.9,7.87833333,0.62916667,6.25,0.62916667,0.62916667,1049.58333,1
22.4333333,5.35,7.92666667,0.38516667,5.6,0.38516667,0.38516667,1493.75,1
25.75,2.03916667,7.76666667,0.6925,13.45,0.6925,0.6925,1750.0,1
